Stage,name,email,phone,location,total_experience,annual_salary,notice_period,position,status,source,meeting_notes,Date
Offer,Vijayaarthi,vijayaarthi043@gmail.com,"7710817038, +4006017710817038",Mumbai,6 Year(s) 6 Month(s),Rs 4.20 Lakhs,15 Days or less,Account Associate/Executive,,LinkedIn_India,HII test,24/04/2023
,Monali Shantilal Desai,monalidesai2607@gmail.com,8976496700,Mumbai,3 Year(s) 8 Month(s),Rs 4.08 Lakhs,15 Days or less,Account Associate/Executive,,Naukri_India,,
,Pooja Kumari,poojaarya110397@gmail.com,7300868211,Mumbai,3 Year(s) 1 Month(s),Rs 4.22 Lakhs,1 Months,Account Associate/Executive,,Naukri_India,,
,Ashutosh Pandey,ashutoshpanday134@gmail.com,"9624491106, +9624491106",Mumbai,6 Year(s) 6 Month(s),Rs 4.05 Lakhs,15 Days or less,Account Associate/Executive,,Naukri_India,,
,Tushar Bhanudas More,"tushar1989.more@gmail.com, tushar1989.more@rediffmail.com",9773402543,Mumbai,9 Year(s) 0 Month(s),Rs 4.08 Lakhs,1 Months,Account Associate/Executive,,Naukri_India,,
,Harsh Suresh Agaskar,harsh.agaskar26@gmail.com,7045473404,Mumbai,2 Year(s) 6 Month(s),Rs 4.20 Lakhs,1 Months,Account Associate/Executive,,Naukri_India,,
,Priyanka Pratap Birhade,priyankabirhade64@gmail.com,8779040799,Mumbai,9 Year(s) 0 Month(s),Rs 4.20 Lakhs,1 Months,Account Associate/Executive,,Naukri_India,,
,Pradeep Kumar Boddu,prdpkmr70@gmail.com,9010049008,Mumbai,8 Year(s) 0 Month(s),Rs 4.20 Lakhs,15 Days or less,Account Associate/Executive,,Naukri_India,,
,Asmita Chandrakant Bhagade,asmibhagade@gmail.com,7710998334,Mumbai,7 Year(s) 6 Month(s),Rs 4.80 Lakhs,15 Days or less,Account Associate/Executive,,Naukri_India,,
,Yadav Abhay,ary193737@gmail.com,7378495518,Mumbai,6 Year(s) 6 Month(s),Rs 4.80 Lakhs,1 Months,Account Associate/Executive,,Naukri_India,,
,Vijay Yadav,"vy97219@gmail.com, vjay8282@gmail.com","7400275898, +4000847400275898",Mumbai Suburban,4 Year(s) 0 Month(s),Rs 4.20 Lakhs,1 Months,Account Associate/Executive,,Naukri_India,,
,Cma Shriram Shah,shriramshah919@gmail.com,9137460571,Mumbai,2 Year(s) 0 Month(s),Rs 4.50 Lakhs,15 Days or less,Account Associate/Executive,,Naukri_India,,
,Sankalp  Nakade,sankalpnakade@gmail.com,8329501877,Mumbai,6 Year(s) 0 Month(s),Rs 4.80 Lakhs,15 Days or less,Account Associate/Executive,,Naukri_India,,
,Neha Soni,sonineha203186@gmail.com,7522911267,Mumbai,4 Year(s) 0 Month(s),Rs 4.20 Lakhs,1 Months,Account Associate/Executive,,Naukri_India,,
,Shivani Sharma,shivaniahashibala823@gmail.com,8805553832,Mumbai,6 Year(s) 0 Month(s),Rs 4 Lakhs,15 Days or less,Account Associate/Executive,,Naukri_India,,
,Sandhya Pal.,sandhyapal65@gmail.com,7043238446,Mumbai,6 Year(s) 0 Month(s),Rs 4.80 Lakhs,1 Months,Account Associate/Executive,,Naukri_India,,
,Subodh Shantaram Bhagade,"subodhbhagade@yahoo.in, subodhbhagade@yahoo.in","9922545562, +91",Mumbai,8 Year(s) 0 Month(s),Rs 4.09 Lakhs,1 Months,Account Associate/Executive,,Naukri_India,,
,Ansari Danish,danish.coolansari123@gmail.com,"8369990137, +4000728369990137",Mumbai,0 Year(s) 3 Month(s),Rs 3.84 Lakhs,15 Days or less,Account Associate/Executive,,Naukri_India,,
,Kaustubh P Ghare,kaustubh090@gmail.com,"7021721944, +400013",Mumbai,6 Year(s) 6 Month(s),Rs 4.90 Lakhs,15 Days or less,Account Associate/Executive,,Naukri_India,,
,Neeta Bhanushali,neebhanushali1994@gmail.com,8452999669,"Mumbai, Maharashtra - Maharashtra",9 Year(s) 0 Month(s),Rs 4.80 Lakhs,1 Months,Account Associate/Executive,,Naukri_India,,
,Dipali Jadhav,dipalipjadhav1998@gmail.com,8600377580,Mumbai,2 Year(s) 0 Month(s),Rs 4.50 Lakhs,15 Days or less,Account Associate/Executive,,Naukri_India,,
,Aishwarya Kadam,aishwaryakad09@gmail.com,8104413033,Mumbai,4 Year(s) 0 Month(s),Rs 4.31 Lakhs,15 Days or less,Account Associate/Executive,,Naukri_India,,
,Dhanashri Ajaykumar Upadhyay,kedaredhanashri900@gmail.com,9967764016,Mumbai,7 Year(s) 0 Month(s),Rs 4.50 Lakhs,1 Months,Account Associate/Executive,,Naukri_India,,
,Tanvi Talele,taleletanvi05@gmail.com,9725068476,Mumbai,4 Year(s) 0 Month(s),Rs 4 Lakhs,1 Months,Account Associate/Executive,,Naukri_India,,
,Sachin Naik,naiksachin885@gmail.com,9975278842,Mumbai,4 Year(s) 6 Month(s),Rs 4.20 Lakhs,15 Days or less,Account Associate/Executive,,Naukri_India,,
,Rahul Singh,rahulsingh76703@gmail.com,9967454614,Mumbai,9 Year(s) 0 Month(s),Rs 4 Lakhs,1 Months,Account Associate/Executive,,Naukri_India,,
,Abhishek Rakesh Shrivastav,abhishekshrivastav921@gmail.com,7710977445,Mumbai,2 Year(s) 4 Month(s),Rs 4.50 Lakhs,15 Days or less,Account Associate/Executive,,Naukri_India,,
,Swarupa Munankar,"swarupa.chavan@outlook.com, swara246@gmail.com",8097502252,Mumbai,5 Year(s) 6 Month(s),Rs 4.50 Lakhs,15 Days or less,Account Associate/Executive,,Naukri_India,,
,Neha,"dhaddaneha@gmail.com, crownneha@rediffmail.com","9029912153, +912229670822",Mumbai,4 Year(s) 0 Month(s),Rs 4.50 Lakhs,1 Months,Account Associate/Executive,,Naukri_India,,
,Rajesh Pandit Sutar,rjsutar02@gmail.com,9975812614,Mumbai,7 Year(s) 0 Month(s),Rs 4.50 Lakhs,15 Days or less,Account Associate/Executive,,Naukri_India,,
,Shubham Bhosle,shubhambhosle33@gmail.com,9653143030,Mumbai,5 Year(s) 0 Month(s),Rs 4.50 Lakhs,1 Months,Account Associate/Executive,,Naukri_India,,
,Pratiksha Jadhav,vinniejadhav13@gmail.com,9321752337,Mumbai,3 Year(s) 0 Month(s),Rs 4.80 Lakhs,15 Days or less,Account Associate/Executive,,Naukri_India,,
,Raju Jangid,rajjangid746@gmail.com,7568615122,Mumbai,6 Year(s) 0 Month(s),Rs 6.60 Lakhs,15 Days or less,Account Associate/Executive,,Naukri_India,,
,Riddhi Jain,riddhijain40@gmail.com,8233375710,Mumbai,3 Year(s) 7 Month(s),Rs 5.50 Lakhs,15 Days or less,Account Associate/Executive,,Naukri_India,,
,Prathamesh Pratap Patil,patilprathamesh303@gmail.com,8080747439,Mumbai,6 Year(s) 6 Month(s),Rs 5.51 Lakhs,1 Months,Account Associate/Executive,,Naukri_India,,
,Pragati Vishwakarma,pragativ47@gmail.com,8689921046,Mumbai,2 Year(s) 0 Month(s),Rs 5 Lakhs,15 Days or less,Account Associate/Executive,,Naukri_India,,
,Laxmi,raolaxmi042@gmail.com,9768325890,Mumbai,9 Year(s) 0 Month(s),Rs 5 Lakhs,15 Days or less,Account Associate/Executive,,Naukri_India,,
,Bhagyashree Dalvi,"dalvi.bhagyashree13@gmail.com, dalvi.bhagyashree13@gmail.com",9356197420,Mumbai,6 Year(s) 0 Month(s),Rs 6 Lakhs,15 Days or less,Account Associate/Executive,,Naukri_India,,
,Priyanka Dhondkar,ansconstruction2014@gmail.com,8692891496,Mumbai,7 Year(s) 2 Month(s),Rs 6 Lakhs,1 Months,Account Associate/Executive,,Naukri_India,,
,Manisha Kumari,manishak1483@gmail.com,"6205922321, +918270129934107908",Mumbai,3 Year(s) 8 Month(s),Rs 5.67 Lakhs,15 Days or less,Account Associate/Executive,,Naukri_India,,
,Aarathi Kumari R,aartiakp30@gmail.com,8197718717,Mumbai,6 Year(s) 6 Month(s),Rs 6.68 Lakhs,15 Days or less,Account Associate/Executive,,Naukri_India,,
,Punit Maradiya,punitmaradiya1996@gmail.com,8898198009,Mumbai,6 Year(s) 6 Month(s),Rs 5.05 Lakhs,1 Months,Account Associate/Executive,,Naukri_India,,
,Samita Gaikwad,samitagaikwad1995@gmail.com,9730568858,Mumbai,6 Year(s) 6 Month(s),Rs 5 Lakhs,15 Days or less,Account Associate/Executive,,Naukri_India,,
,Rupinder Kaur Nahar,"jasleenknahar@gmail.com, jasleenknahar@gmail.com",7044657159,Mumbai,8 Year(s) 0 Month(s),Rs 5 Lakhs,1 Months,Account Associate/Executive,,Naukri_India,,
,Ketan Parmar,ketanparmar516@gmail.com,9326470432,Mumbai Suburban,6 Year(s) 0 Month(s),Rs 8 Lakhs,1 Months,Account Associate/Executive,,Naukri_India,,
,Namdev Parab,namdevparab2908@gmail.com,7400359657,Mumbai,9 Year(s) 0 Month(s),Rs 5.25 Lakhs,15 Days or less,Account Associate/Executive,,Naukri_India,,
,Pradosh Kumar Rath,pradoshkumarrath2233@gmail.com,9178062808,Mumbai,3 Year(s) 5 Month(s),Rs 6.50 Lakhs,1 Months,Account Associate/Executive,,Naukri_India,,
,Kaunteya Chandrakant Sonawane,"sonawanekaunteya@gmail.com, kaunteyasonawane@hotmail.com",9870133573,Mumbai,9 Year(s) 0 Month(s),Rs 6.50 Lakhs,1 Months,Account Associate/Executive,,Naukri_India,,
,Nidhi Darji,nidarji30@gmail.com,9920626551,Mumbai,6 Year(s) 6 Month(s),Rs 5.40 Lakhs,1 Months,Account Associate/Executive,,Naukri_India,,
,Jyotika Saini,saini.jyotika2710@gmail.com,8369842931,Mumbai,3 Year(s) 6 Month(s),Rs 5.50 Lakhs,1 Months,Account Associate/Executive,,Naukri_India,,
,Poonam Umesh Gupta,poonamg604@gmail.com,"9987076439, +9987076439",Mumbai,5 Year(s) 6 Month(s),Rs 5 Lakhs,Serving Notice Period,Account Associate/Executive,,Naukri_India,,
,Akshay Parmar,sohamparmar211@gmail.com,9819642703,Mumbai,2 Year(s) 1 Month(s),Rs 5 Lakhs,15 Days or less,Account Associate/Executive,,Naukri_India,,
,Rohini Sharma,rohinisharma536@gmail.com,8779074102,Mumbai,8 Year(s) 0 Month(s),Rs 5.92 Lakhs,1 Months,Account Associate/Executive,,Naukri_India,,
,Jagdish Kumar,ijagdishparmar17@gmail.com,917610000564,Mumbai,8 Year(s) 0 Month(s),Rs 5 Lakhs,1 Months,Account Associate/Executive,,Naukri_India,,
,Yogesh Sharad Musale,musale.yogesh96@gmail.com,7400387967,Mumbai,7 Year(s) 9 Month(s),Rs 5.50 Lakhs,15 Days or less,Account Associate/Executive,,Naukri_India,,
,Immediatejoiner Account Payable Ptp,gupta.anish87@gmail.com,9654575227,Mumbai,9 Year(s) 0 Month(s),Rs 10 Lakhs,15 Days or less,Account Associate/Executive,,Naukri_India,,
,Kalyani Deshmukh,kalyanid445@gmail.com,7498286837,Mumbai,7 Year(s) 0 Month(s),Rs 5 Lakhs,15 Days or less,Account Associate/Executive,,Naukri_India,,
,Shaikh Safi,safiazmin@gmail.com,7977496856,Mumbai,8 Year(s) 0 Month(s),Rs 5.50 Lakhs,1 Months,Account Associate/Executive,,Naukri_India,,
,Parth Visharia,parthvisharia18@outlook.com,8169939743,Mumbai,4 Year(s) 0 Month(s),Rs 5 Lakhs,15 Days or less,Account Associate/Executive,,Naukri_India,,
,Karan Vora,karan050797@gmail.com,8655799579,Mumbai,4 Year(s) 0 Month(s),Rs 8 Lakhs,15 Days or less,Account Associate/Executive,,Naukri_India,,
,Abhishek Gupta,"abhig9749@gmail.com, abhig9749@gmail.com",9762139988,Mumbai,3 Year(s) 5 Month(s),Rs 5 Lakhs,1 Months,Account Associate/Executive,,Naukri_India,,
,Aditya Kumar Sahu,"sahuaditya087@gmail.com, sahuaditya087@gmail.com",8249590389,Mumbai,5 Year(s) 0 Month(s),Rs 7.50 Lakhs,1 Months,Account Associate/Executive,,Naukri_India,,
,Ankur Jain,ankur.d18may@gmail.com,9326468760,Mumbai,3 Year(s) 6 Month(s),Rs 4 Lakhs,15 Days or less,Account Associate/Executive,,Naukri_India,,
,Palash Dholekar,palash.dholekar84@gmail.com,8446522249,Mumbai,3 Year(s) 2 Month(s),Rs 5.50 Lakhs,15 Days or less,Account Associate/Executive,,Naukri_India,,
,Madhuri Sanjay Damle,madhuridamle95@gmail.com,"8692874294, +91000838268640993",Mumbai,8 Year(s) 7 Month(s),Rs 5.50 Lakhs,15 Days or less,Account Associate/Executive,,Naukri_India,,
,Amal Raj A,rajamal633@gmail.com,6361624080,Mumbai,6 Year(s) 0 Month(s),Rs 6 Lakhs,Serving Notice Period,Account Associate/Executive,,Naukri_India,,
,Soumyaranjan Das,soumyaranjan2215@gmail.com,8898209282,Mumbai,8 Year(s) 0 Month(s),Rs 5 Lakhs,15 Days or less,Account Associate/Executive,,Naukri_India,,
,Krishna Mehta,"krishna2901mehta@gmail.com, krishna2901mehta@gmail.com",9699031990,Mumbai,2 Year(s) 5 Month(s),Rs 7.50 Lakhs,15 Days or less,Account Associate/Executive,,Naukri_India,,
,Priyanka Sharma,"priyankaaa.sharma2102@gmail.com, priyankaaa.sharma2102@gmail.com",9136541353,Mumbai,7 Year(s) 0 Month(s),Rs 8.40 Lakhs,15 Days or less,Account Associate/Executive,,Naukri_India,,
,Soni Mahesh Valmiki,soni.walmiki7764@gmail.com,8291657764,Mumbai,7 Year(s) 4 Month(s),Rs 7.20 Lakhs,1 Months,Account Associate/Executive,,Naukri_India,,
,Jeenal Gohil,gohiljinal768@gmail.com,9004509399,Mumbai,9 Year(s) 0 Month(s),Rs 6 Lakhs,15 Days or less,Account Associate/Executive,,Naukri_India,,
,Raushan Kumar Thakur,raushanthakur34@gmail.com,9931243488,Mumbai,9 Year(s) 0 Month(s),Rs 6.25 Lakhs,1 Months,Account Associate/Executive,,Naukri_India,,
,Archana Singh,archiee2926@gmail.com,7977561825,Mumbai,3 Year(s) 0 Month(s),Rs 5.40 Lakhs,15 Days or less,Account Associate/Executive,,Naukri_India,,
,Tejaswini Patil,tejaswinimpatil171@gmail.com,9545617267,Mumbai,9 Year(s) 0 Month(s),Rs 8.54 Lakhs,15 Days or less,Account Associate/Executive,,Naukri_India,,
,Pooja Thakur,thakurpoojashashiranjan@gmail.com,7977564602,Mumbai,8 Year(s) 0 Month(s),Rs 8.40 Lakhs,15 Days or less,Account Associate/Executive,,Naukri_India,,
,Ashwani Singh Chauhan,erashwanichauhan@gmail.com,8657907626,Mumbai,4 Year(s) 0 Month(s),Rs 5 Lakhs,1 Months,Account Associate/Executive,,Naukri_India,,
,Akshay A. Bajpai,akshayalwayswins4@gmail.com,8850068507,Mumbai,7 Year(s) 0 Month(s),Rs 9.50 Lakhs,15 Days or less,Account Associate/Executive,,Naukri_India,,
,Surabhi Sharma,surabhi.l.sharma@gmail.com,7014884967,Mumbai,2 Year(s) 0 Month(s),Rs 8.50 Lakhs,1 Months,Account Associate/Executive,,Naukri_India,,
,Alfiya Khot,alfiyakhot25@gmail.com,9146828612,Mumbai,6 Year(s) 5 Month(s),Rs 5 Lakhs,15 Days or less,Account Associate/Executive,,Naukri_India,,
,Meeravali Pathan,"pathanmeeravali22@gmail.com, pathanmeeravali22@gmail.com",9515430891,Mumbai,2 Year(s) 9 Month(s),Rs 5.84 Lakhs,1 Months,Account Associate/Executive,,Naukri_India,,
,Mansi Jain,mansi.narendra.jain@gmail.com,9764062220,Mumbai,6 Year(s) 6 Month(s),Rs 6.50 Lakhs,15 Days or less,Account Associate/Executive,,Naukri_India,,
,Varsha Solanki,"varshasolanki854@gmail.com, varsha.1618@indiraisbs.ac.in",7415613038,Mumbai,5 Year(s) 6 Month(s),Rs 6.05 Lakhs,15 Days or less,Account Associate/Executive,,Naukri_India,,
,Soni Mangaru Yadav,soniy2026@gmail.com,"7040794356, +7040794356",Mumbai,4 Year(s) 5 Month(s),Rs 6.20 Lakhs,15 Days or less,Account Associate/Executive,,Naukri_India,,
,Priya Battu,"priyabattu333b@gmail.com, priyabattu333b@gmail.com",9821364801,Mumbai,3 Year(s) 0 Month(s),Rs 5 Lakhs,15 Days or less,Account Associate/Executive,,Naukri_India,,
,Dileep Kumar Gupta,guptadileep9270@gmail.com,8770732818,Mumbai,8 Year(s) 0 Month(s),Rs 7.50 Lakhs,15 Days or less,Account Associate/Executive,,Naukri_India,,
,Jinkal Jain,jinkal.jain1998@gmail.com,7021253372,Mumbai,3 Year(s) 5 Month(s),Rs 6 Lakhs,15 Days or less,Account Associate/Executive,,Naukri_India,,
,Pratik Yadav,pratikyadav275@gmail.com,9082611567,Mumbai,5 Year(s) 4 Month(s),Rs 5.50 Lakhs,1 Months,Account Associate/Executive,,Naukri_India,,
,M Kola Priyanka,mk.priyanka44@gmail.com,6300595583,Mumbai,2 Year(s) 6 Month(s),Rs 5.50 Lakhs,15 Days or less,Account Associate/Executive,,Naukri_India,,
,Raj Jadhav,rajj45211@gmail.com,9082971996,Mumbai,2 Year(s) 5 Month(s),Rs 4.50 Lakhs,1 Months,Account Associate/Executive,,Naukri_India,,
,Nandini Rao,nandinirao1207@gmail.com,"8806847766, +4400018806847766",Mumbai,3 Year(s) 0 Month(s),Rs 6 Lakhs,1 Months,Account Associate/Executive,,Naukri_India,,
,Sagar Guthula,guthulasagar@gmail.com,"8097328123, +8097328123",Mumbai,5 Year(s) 8 Month(s),Rs 8 Lakhs,15 Days or less,Account Associate/Executive,,Naukri_India,,
,Aniket Ashok Phanse,aniketphanse2014@gmail.com,9967329956,Mumbai,3 Year(s) 0 Month(s),Rs 4.20 Lakhs,15 Days or less,Account Associate/Executive,,Naukri_India,,
,Rajroshan Jaiswar,rajroshanjaiswal@gmail.com,9699025238,Mumbai,6 Year(s) 0 Month(s),Rs 9.50 Lakhs,1 Months,Account Associate/Executive,,Naukri_India,,
,Shubham Jarande,jarandeshubham59@gmail.com,9137807664,Mumbai,2 Year(s) 3 Month(s),Rs 4.20 Lakhs,15 Days or less,Account Associate/Executive,,Naukri_India,,
,Mukesh Pandey,mikepandey.1993@gmail.com,8082489009,Mumbai,9 Year(s) 0 Month(s),Rs 6.60 Lakhs,15 Days or less,Account Associate/Executive,,Naukri_India,,
,Mehdi Iranii,"houselydesires@gmail.com, houselydesires@gmail.com",9619442303,Mumbai,5 Year(s) 2 Month(s),Rs 8.50 Lakhs,15 Days or less,Account Associate/Executive,,Naukri_India,,
,Pranali Nannaware,pranalidn@gmail.com,8291673143,Mumbai,3 Year(s) 7 Month(s),Rs 7 Lakhs,15 Days or less,Account Associate/Executive,,Naukri_India,,
,Subhi Sharan,subhi.hzb@gmail.com,9534205354,Mumbai,4 Year(s) 0 Month(s),Rs 6.40 Lakhs,15 Days or less,Account Associate/Executive,,Naukri_India,,
,Abhishek Agarwal,abhishekagarwalaggu@gmail.com,8105089235,Mumbai,3 Year(s) 2 Month(s),Rs 8.46 Lakhs,15 Days or less,Account Associate/Executive,,Naukri_India,,
,Aakansha Patil,preciousgesture143@gmail.com,8805229214,Mumbai,6 Year(s) 0 Month(s),Rs 9.50 Lakhs,15 Days or less,Account Associate/Executive,,Naukri_India,,
,Gunjan Muni Mandal,gunjanmunimandal27@gmail.com,8146477323,Mumbai,2 Year(s) 2 Month(s),Rs 8 Lakhs,15 Days or less,Account Associate/Executive,,Naukri_India,,
,Aakash Tiwari,akashtiwari289@gmail.com,8320350296,Mumbai,7 Year(s) 0 Month(s),Rs 7.20 Lakhs,15 Days or less,Account Associate/Executive,,Naukri_India,,
,Bhagyesh Ashok Patil,"bhp20230@outlook.com, bhp20230@outlook.com",9619288566,Mumbai,7 Year(s) 0 Month(s),Rs 6.50 Lakhs,15 Days or less,Account Associate/Executive,,Naukri_India,,
,Varsha Kunhanandan,"varshakunhanandan25@gmail.com, varshakunhanandan25@gmail.com",9757026741,Mumbai,4 Year(s) 6 Month(s),Rs 4.80 Lakhs,15 Days or less,Account Associate/Executive,,Naukri_India,,
,Prafulla Hotkar,prafulla10777@gmail.com,+919821797262,Navi Mumbai,,,,Azure Cloud Engineer,contacted,linkedin_India,"+919821797262""",
,Sanmesh Satpute,sammy1432@gmail.com,+918454848731,Thane,,,,Azure Cloud Engineer,contacted,linkedin_India,"+918454848731""",
,Prashant Mishra,pm1896735@gmail.com,,"3705, Marathon Futurex, Mafatlal Mills Compound, NM Joshi Marg, Lower Parel, Mumbai - 400 013",,30 days,45850,Yes,,"Senior technical support engineer ,linkedin_India,linkedin_India",,2025-04-09 14:30:00
,Pratik Bhambure,pratik.bhambure@gmail.com,919769364369,,,,,Azure Cloud Engineer,contacted,linkedin_India,HII test,
,Jagdish Sumra ,jagdish444@gmail.com,,"3705, Marathon Futurex, Mafatlal Mills Compound, NM Joshi Marg, Lower Parel, Mumbai - 400 013",,0,900000,Yes,,"Sr IT Support Engineer ,linkedin_India,linkedin_India",,2025-04-03 18:45:00
,Ashish Jha,amasjh@gmail.com,,"3705, Marathon Futurex, Mafatlal Mills Compound, NM Joshi Marg, Lower Parel, Mumbai - 400 013",,60 days,800000,Yes,,"Information Technology  specialist ,linkedin_India,linkedin_India",,2025-04-06 13:30:00
,Damini Bolye,daminibolye1026@gmail.com,+919820285726,Mumbai,,,,Azure Cloud Engineer,replied,linkedin_India,"doesn't have experience""",
,Vinay Mahajan,mahajanvinay9@gmail.com,+919702123854,Mumbai,,,,Azure Cloud Engineer,replied,linkedin_India,"scheduled""",
,Mohit Maithania,maithaniamohit08@gmail.com,+918108129195,Mumbai,,,,Azure Cloud Engineer,replied,linkedin_India,"scheduled""",
,Mathew Pj,appuspj@gmail.com,+96895185195,Mumbai,,,,Azure Cloud Engineer,replied,linkedin_India,"out of india temporarily""",
,Bhaskar Sharma,bhaskarsharmars@gmail.com,+919695788488,Mumbai,,,,Azure Cloud Engineer,replied,linkedin_India,"need to check if he scheduled""|+919695788488""",
,Shrenik Gandhi,shrenikg1305@gmail.com,+918180851711,,,,,Azure Cloud Engineer,replied,linkedin_India,,
,Pravin Sonavane,pravinsonavane21new@gmail.com,+919699369253,Mumbai,,,,Azure Cloud Engineer,replied,linkedin_India,"wants virtual""",
,Sandeep Prajapati,prajapati18extc@student.mes.ac.in,+917208355335,,,,,Azure Cloud Engineer,contacted,linkedin_India,,
,Omkar Gupta,omkar1999.14@gmail.com,+918828457817,400051,,,,Azure Cloud Engineer,contacted,linkedin_India,"+918828457817""",
,Manoj Lambe,manojtwister@gmail.com,+919819183436,Thane,,,,Azure Cloud Engineer,replied,linkedin_India,"sent website and jd""",
,Abhishek Hemant Sawant,abhisheksawant51@gmail.com,+919819679820,Mumbai,,,,Azure Cloud Engineer,replied,linkedin_India,"not in mumbai""",
,Anil Pradhan,nilpradhan17@gmail.com,+9198199 08485,400076,,,,Azure Cloud Engineer,contacted,"linkedin_India,Systems Administrators ,linkedin_India","+9198199 08485""",
,Hiteshkumar Dhingra,h123_4@rediffmail.com,+919819329008,Mumbai,,,,Azure Cloud Engineer,contacted,linkedin_India,"+919819329008""",
,Pravin Utekar,pravin_utekar12@yahoo.co.in,+919820858969,,,,,Azure Cloud Engineer,replied,linkedin_India,,
,Shoyeb Bagwan,shoyebk91@gmail.com,+919833831404,Mumbai,,,,Azure Cloud Engineer,replied,linkedin_India,"doesn't want night shift""",
,Tejas Patil,tejaszenfone2@gmail.com,+919326996313,,,,,Azure Cloud Engineer,replied,linkedin_India,,
,Sachin Battise,bsebl007@gmail.com,+919930429010,Thane,,,,Azure Cloud Engineer,replied,linkedin_India,"out of budget""",
,Sandeep Chavan,sandeep21c@gmail.com,+917738185325,Thane,,,,Azure Cloud Engineer,contacted,linkedin_India,"+917738185325""",
,Jatin Darji,darjijatin76@gmail.com,+919768076268,400078,,,,Azure Cloud Engineer,replied,linkedin_India,"scheduled for sunday April 6""",
,Khushboo Bidlan,kjbidlan@gmail.com,,"3705, Marathon Futurex, Mafatlal Mills Compound, NM Joshi Marg, Lower Parel, Mumbai - 400 013",,,,,,,,2025-04-12 16:30:00
,Rishi Jain,rishi.jain.rj81@gmail.com,,"3705, Marathon Futurex, Mafatlal Mills Compound, NM Joshi Marg, Lower Parel, Mumbai - 400 013",,30 days,660000,Yes,,Senior Accountant ,,2025-04-12 15:30:00
,Aniket Bhojgar,aniketbhojgar39@gmail.com,,"3705, Marathon Futurex, Mafatlal Mills Compound, NM Joshi Marg, Lower Parel, Mumbai - 400 013",,45 day's ,556000,Yes,,Sr. Account Executive/ assistant manager ,,2025-04-12 15:00:00
,Ajinkya Arun Umre,ajinkya2012.umre@gmail.com,,"3705, Marathon Futurex, Mafatlal Mills Compound, NM Joshi Marg, Lower Parel, Mumbai - 400 013",,,,,,,,2025-04-12 14:15:00
,Ratisha Sarvesh Dalvi,ratishasalvi13@gmail.com,,"3705, Marathon Futurex, Mafatlal Mills Compound, NM Joshi Marg, Lower Parel, Mumbai - 400 013",,1,480000,Yes,,account executive,,2025-04-12 14:00:00
,Aditya Sunil Patil,adityapatil409@gmail.com,,"3705, Marathon Futurex, Mafatlal Mills Compound, NM Joshi Marg, Lower Parel, Mumbai - 400 013",,90 Days,425700,Yes,,Human Resource Executive,,2025-04-12 13:30:00
,Amrish Gupta,amrishgupta42@gmail.com,,"3705, Marathon Futurex, Mafatlal Mills Compound, NM Joshi Marg, Lower Parel, Mumbai - 400 013",,30,826000,Yes,,Senior Account Executive or Assistant Manager - Accounts,,2025-04-12 12:45:00
,Tanay Milind Mehta ,mehtatanay143@gmail.com,,"3705, Marathon Futurex, Mafatlal Mills Compound, NM Joshi Marg, Lower Parel, Mumbai - 400 013",,30 Days Negotiable ,825600,Yes,,Huma  ,,2025-04-12 12:30:00
,Ranna,rannabhatt1992@gmail.com,,"3705, Marathon Futurex, Mafatlal Mills Compound, NM Joshi Marg, Lower Parel, Mumbai - 400 013",,30,625000,Yes,,,,2025-04-12 12:00:00
,Santosh Balvant Jadhav ,santosh.jadhav07@yahoo.co.in,,"3705, Marathon Futurex, Mafatlal Mills Compound, NM Joshi Marg, Lower Parel, Mumbai - 400 013",,60 days,600000,Yes,,Senior IT Executive ,,2025-04-10 15:00:00
,Krishna Mishra ,k.m.mishra37@gmail.com,,"3705, Marathon Futurex, Mafatlal Mills Compound, NM Joshi Marg, Lower Parel, Mumbai - 400 013",,30 days,675000,Yes,,Account Manager ,,2025-04-10 14:30:00
,Sejal Pandey ,sejalpandey2909@gmail.com,,"3705, Marathon Futurex, Mafatlal Mills Compound, NM Joshi Marg, Lower Parel, Mumbai - 400 013",,0,450000,Yes,,HR Executive. ,,2025-04-09 17:00:00
,Sunmesh Satpute ,sanmeshsatpute@gmail.com,,"3705, Marathon Futurex, Mafatlal Mills Compound, NM Joshi Marg, Lower Parel, Mumbai - 400 013",,15,929000,Yes,,Information Technology Specialist ,,2025-04-09 15:00:00
,Mohit Mahendra Maithania ,maithaniamohit08@gmail.com,,"3705, Marathon Futurex, Mafatlal Mills Compound, NM Joshi Marg, Lower Parel, Mumbai - 400 013",,60 days,623000,Yes,,Information Technology Specialist ,,2025-04-09 14:45:00
,Sanjay Kale,sanjaykale69@yahoo.co.in,,"3705, Marathon Futurex, Mafatlal Mills Compound, NM Joshi Marg, Lower Parel, Mumbai - 400 013",,30,1100000,Yes,,HR Head,,2025-04-08 17:00:00
,Vishal Prashant Khedekar,vishu.khedekar92@gmail.com,,"3705, Marathon Futurex, Mafatlal Mills Compound, NM Joshi Marg, Lower Parel, Mumbai - 400 013",,30,720000,Yes,,Financial reporting and Tax Compliance Manager - India,,2025-04-07 18:00:00
,Darshana Bagul ,jagtapdarshana437@gmail.com,,"3705, Marathon Futurex, Mafatlal Mills Compound, NM Joshi Marg, Lower Parel, Mumbai - 400 013",,0,6 lpa,Yes,,HR,,2025-04-07 16:00:00
,Parag Ramnath Kalekar ,paragkalekar@gmail.com,,"3705, Marathon Futurex, Mafatlal Mills Compound, NM Joshi Marg, Lower Parel, Mumbai - 400 013",,Ready to join immediately,910000,Yes,,,,2025-04-07 15:45:00
,Ramkrishna Shivram Chauhan,chauhan.krishna2@gmail.com,,"3705, Marathon Futurex, Mafatlal Mills Compound, NM Joshi Marg, Lower Parel, Mumbai - 400 013",,,,,,,,2025-04-07 15:15:00
,Prarthana M Wagh,prarthanamwagh@gmail.com,,"3705, Marathon Futurex, Mafatlal Mills Compound, NM Joshi Marg, Lower Parel, Mumbai - 400 013",,15 days,1900000,Yes,,Strategic HR leadership,,2025-04-07 15:00:00
,Santosh Kumbhar ,kumbharsantsoh2405@gmail.com,,"3705, Marathon Futurex, Mafatlal Mills Compound, NM Joshi Marg, Lower Parel, Mumbai - 400 013",,,,,,,,2025-04-05 14:30:00
,Kavita Singh,kvt23@yahoo.com,,"3705, Marathon Futurex, Mafatlal Mills Compound, NM Joshi Marg, Lower Parel, Mumbai - 400 013",,90 days,"9,50,000",Is pickup and drop-off facility available?,,IT leadership,,2025-04-06 16:45:00
,Jyoti Kamble,jyotikamble33600@gmail.com,,"3705, Marathon Futurex, Mafatlal Mills Compound, NM Joshi Marg, Lower Parel, Mumbai - 400 013",,30,270000,Yes,,Human Resource executive,,2025-04-06 16:00:00
,Vinay Suresh Mahajan Vinay,mahajanvinay9@gmail.com,,"3705, Marathon Futurex, Mafatlal Mills Compound, NM Joshi Marg, Lower Parel, Mumbai - 400 013",,45 Day's ,34000,Yes,,Sr iT Executive ,,2025-04-06 15:30:00
,Sandeep,prajapati18extc@student.mes.ac.in,,"3705, Marathon Futurex, Mafatlal Mills Compound, NM Joshi Marg, Lower Parel, Mumbai - 400 013",,30,4,Yes,,IT azure,,2025-04-06 15:15:00
,Nilesh Satghare,nileshsatghare@rediffmail.com,,"3705, Marathon Futurex, Mafatlal Mills Compound, NM Joshi Marg, Lower Parel, Mumbai - 400 013",,3 months ,900000,Yes,,Manager IT ,,2025-04-06 15:00:00
,Shikha Bhanushali,bshikha198@gmail.com,,"3705, Marathon Futurex, Mafatlal Mills Compound, NM Joshi Marg, Lower Parel, Mumbai - 400 013",,Immediate joiner ,"4,80,000","Yes
Uk timings",,"HR profile,HR Role",,2025-04-06 14:45:00
,Darshan Anant Pawar,darshansigma8@gmail.com,,"3705, Marathon Futurex, Mafatlal Mills Compound, NM Joshi Marg, Lower Parel, Mumbai - 400 013",,20 days,660000,Yes,,Accounts & Finance Manager,,2025-04-06 14:30:00
,Pratibha Yadav,ypratibha176@gmail.com,,"3705, Marathon Futurex, Mafatlal Mills Compound, NM Joshi Marg, Lower Parel, Mumbai - 400 013",,,,,,,,2025-04-06 14:00:00
,Aniket Posam ,posam.aniket@gmail.com,,"3705, Marathon Futurex, Mafatlal Mills Compound, NM Joshi Marg, Lower Parel, Mumbai - 400 013",,30 days,353678,Yes,,HR ,,2025-04-06 13:45:00
,Prathna Bhoring ,prathna124@gmail.com,,"3705, Marathon Futurex, Mafatlal Mills Compound, NM Joshi Marg, Lower Parel, Mumbai - 400 013",,60,3.5,Manageable ,,Taxation and Accounting ,,2025-04-06 13:15:00
,Bhumi Upadhyay ,bjbhumijoshi152@gmail.com,,"3705, Marathon Futurex, Mafatlal Mills Compound, NM Joshi Marg, Lower Parel, Mumbai - 400 013",,0,325000,Looking for remote work night shift,,Sr. HR Executive ,,2025-04-06 13:00:00
,Suhas Mahadik ,suhas85mahadik@gmail.com,,"3705, Marathon Futurex, Mafatlal Mills Compound, NM Joshi Marg, Lower Parel, Mumbai - 400 013",,60 ,571000,Yes,,Assistant Manager Accountant ,,2025-04-06 12:30:00
,Ashwmegh Kamble ,ashwmegh1992@gmail.com,,"3705, Marathon Futurex, Mafatlal Mills Compound, NM Joshi Marg, Lower Parel, Mumbai - 400 013",,1 month ,500000,Yes,,Senior Accountant ,,2025-04-06 12:00:00
,Disha Vinod Mane,dishamane3103@gmail.com,,"3705, Marathon Futurex, Mafatlal Mills Compound, NM Joshi Marg, Lower Parel, Mumbai - 400 013",,,,,,,,2025-04-05 16:30:00
,Sanjay Kumar,sanjay.ghitm@gmail.com,,"3705, Marathon Futurex, Mafatlal Mills Compound, NM Joshi Marg, Lower Parel, Mumbai - 400 013",,,,,,,,2025-04-05 16:00:00
,Manoj Mistry,manoj.mistry2014@gmail.com,,"3705, Marathon Futurex, Mafatlal Mills Compound, NM Joshi Marg, Lower Parel, Mumbai - 400 013",,,,,,,,2025-04-05 15:30:00
,Megha Shrivastava ,meghashrivastava0827@gmail.com,,"3705, Marathon Futurex, Mafatlal Mills Compound, NM Joshi Marg, Lower Parel, Mumbai - 400 013",,,,,,,,2025-04-05 15:00:00
,Sunny Rebello,sunny_rebello22@rediffmail.com,,"3705, Marathon Futurex, Mafatlal Mills Compound, NM Joshi Marg, Lower Parel, Mumbai - 400 013",,30,360000,,,,,2025-04-05 14:00:00
,Shraddha ,shraddhakadukar09@gmail.com,,"3705, Marathon Futurex, Mafatlal Mills Compound, NM Joshi Marg, Lower Parel, Mumbai - 400 013",,30 ,320000,"Yes
Only available for 2-11 pm",,Human Resources ,,2025-04-05 13:45:00
,Hiten Mehta,hiten21101970@gmail.com,,"3705, Marathon Futurex, Mafatlal Mills Compound, NM Joshi Marg, Lower Parel, Mumbai - 400 013",,2 weeks,700000,Yes,,"Lead associate RTR, or any suitable ",,2025-04-05 13:30:00
,Prabhat Pandey,prabhatpandey90p@gmail.com,,"3705, Marathon Futurex, Mafatlal Mills Compound, NM Joshi Marg, Lower Parel, Mumbai - 400 013",,,,,,,,2025-04-05 13:00:00
,Nitesh Kumar Maurya ,niteshm45@gmail.com,,"3705, Marathon Futurex, Mafatlal Mills Compound, NM Joshi Marg, Lower Parel, Mumbai - 400 013",,'+91 75593 50497,,,,,,2025-04-05 12:30:00
,Ghanshyam Teniya ,gtainya@yahoo.com,,"3705, Marathon Futurex, Mafatlal Mills Compound, NM Joshi Marg, Lower Parel, Mumbai - 400 013",,,,,,,,2025-04-05 12:00:00
,Vishvajeet Nikam,vishvanikam1996@gmail.com,,"3705, Marathon Futurex, Mafatlal Mills Compound, NM Joshi Marg, Lower Parel, Mumbai - 400 013",,,,,,,,2025-04-05 11:30:00
,Chaitrali Chipkar ,chipkarchaitrali26@gmail.com,,"3705, Marathon Futurex, Mafatlal Mills Compound, NM Joshi Marg, Lower Parel, Mumbai - 400 013",,1 month ,25000,Yes,,HR,,2025-04-04 20:45:00
,Tyson Selwyn Fernandes,tysonfernandes021@gmail.com,,"3705, Marathon Futurex, Mafatlal Mills Compound, NM Joshi Marg, Lower Parel, Mumbai - 400 013",,30 Days (Negotiable),5.04 LPA,"Yes
",,HR Executive / Sr. Executive roles,,2025-04-04 19:45:00
,Jaishree Chaurasia,jaishreechaurasia126@gmail.com,,"3705, Marathon Futurex, Mafatlal Mills Compound, NM Joshi Marg, Lower Parel, Mumbai - 400 013",,,,,,,,2025-04-04 19:00:00
,Pooja Ramancha,ramanchapooja1997@gmail.com,,"3705, Marathon Futurex, Mafatlal Mills Compound, NM Joshi Marg, Lower Parel, Mumbai - 400 013",,30,369000,Yes,,HR,,2025-04-04 18:45:00
,Atish Dattatray Kumbhar ,atish7272@gmail.com,'+91 90115 20084,'+91 90115 20084,,70000 per month,Training period will be okay but 90 days is quite high for me,Design Engineer,,Google meet,,3/31/25 19:00
,Pawan Sakri ,pawan.sakri@gmail.com,'+91 98192 97435,'+91 98192 97435,,110000,Yes,Senior Accounts,,LinkedIn,"Shortlisted - shared testExperience - 21 yrslocation - Lower ParelCurrent inhand - 80000kExpected inhand - 100000k negotiableExperienced in AP, AR, bank reconcillation, audits, etc.",3/5/25 17:30
,Vaishnavi Patil ,vaishnavip2788@gmail.com,,"3705, Marathon Futurex, Mafatlal Mills Compound, NM Joshi Marg, Lower Parel, Mumbai - 400 013",,Immediate Joiner ,672000,Yes,,Human Resource Executive ,,2025-04-04 17:00:00
,Anil Fale,phaleanil@yahoo.in,,"3705, Marathon Futurex, Mafatlal Mills Compound, NM Joshi Marg, Lower Parel, Mumbai - 400 013",,0,1180000,Yes,,M366/Entra ID admin,,2025-04-04 16:30:00
,Sangeeta Katkam ,sangeetakatkam19@gmail.com,,"3705, Marathon Futurex, Mafatlal Mills Compound, NM Joshi Marg, Lower Parel, Mumbai - 400 013",,0,650000,Yes,,,,2025-04-04 16:00:00
,Sandeep Kadam,kadamsandeep6612@gmail.com,,"3705, Marathon Futurex, Mafatlal Mills Compound, NM Joshi Marg, Lower Parel, Mumbai - 400 013",,Immediate joiner ,452000,Yes,,Hr Executive ,,2025-04-04 15:45:00
,Esha Nangare,eshanangare@gmail.com,,"3705, Marathon Futurex, Mafatlal Mills Compound, NM Joshi Marg, Lower Parel, Mumbai - 400 013",,Immediate joiner ,0,Yes,,HR ,,2025-04-04 15:00:00
,Neha Pomendkar,nehapomendkar@gmail.com,,"3705, Marathon Futurex, Mafatlal Mills Compound, NM Joshi Marg, Lower Parel, Mumbai - 400 013",,2 month ,800000,Yes,,Asst.Account Manager,,2025-04-04 14:30:00
,Rekha Trimukhe ,rekhat0301@gmail.com,,"3705, Marathon Futurex, Mafatlal Mills Compound, NM Joshi Marg, Lower Parel, Mumbai - 400 013",,60,1400000,Only 2-11 pm,,Finance manager ,,2025-04-03 20:30:00
,Rahul Yadav,ry68722@gmail.com,,"3705, Marathon Futurex, Mafatlal Mills Compound, NM Joshi Marg, Lower Parel, Mumbai - 400 013",,,,,,,,2025-04-03 19:30:00
,Mrinal Poddar,mrinalpoddar22@gmail.com,,"3705, Marathon Futurex, Mafatlal Mills Compound, NM Joshi Marg, Lower Parel, Mumbai - 400 013",,60 Day (Negotiable),600000,Yes,,Human Resources ,,2025-04-03 18:30:00
,Varsha Kolapkar ,varshakolapkar77@gmail.com,,"3705, Marathon Futurex, Mafatlal Mills Compound, NM Joshi Marg, Lower Parel, Mumbai - 400 013",,ASAP Join ,600000,Yes,,Talent acquisition ,,2025-04-03 17:45:00
,Subhash Narayan Kamble,subhashnarayank@gmail.com,,"3705, Marathon Futurex, Mafatlal Mills Compound, NM Joshi Marg, Lower Parel, Mumbai - 400 013",,30,475000,Yes,,Accountant,,2025-04-03 17:30:00
,Omkar Ravindra Bhosle,gerrad.omkar@gmail.com,,"3705, Marathon Futurex, Mafatlal Mills Compound, NM Joshi Marg, Lower Parel, Mumbai - 400 013",,,,,,,,2025-04-03 17:00:00
,Pranjali Raval,pranjalisraval@gmail.com,,"3705, Marathon Futurex, Mafatlal Mills Compound, NM Joshi Marg, Lower Parel, Mumbai - 400 013",,00,00,Yes,,System and Network Specialist,,2025-04-03 16:45:00
,Malati Laxman Sangale ,malatisangale95@gmail.com,,"3705, Marathon Futurex, Mafatlal Mills Compound, NM Joshi Marg, Lower Parel, Mumbai - 400 013",,Immediately ,276000,Yes,,Senior account executive ,,2025-04-03 16:30:00
,Apurva Hemant Bagayatkar,apurvabagayatkar24@gmail.com,,"3705, Marathon Futurex, Mafatlal Mills Compound, NM Joshi Marg, Lower Parel, Mumbai - 400 013",,Immediate joiner,499724,Yes,,HR Executive,,2025-04-03 16:15:00
,Rohan Sohan Pandit ,rohanromeo12rs@gmail.com,,"3705, Marathon Futurex, Mafatlal Mills Compound, NM Joshi Marg, Lower Parel, Mumbai - 400 013",,1 month ,3.3,Yes,,Desktop Support Engineer ,,2025-04-03 16:00:00
,Pranit Chandrakant Pawar ,pranit.pawar29@gmail.com,,"3705, Marathon Futurex, Mafatlal Mills Compound, NM Joshi Marg, Lower Parel, Mumbai - 400 013",,30,1440000,Yes,,Information Technology Specialist ,,2025-04-03 15:15:00
,Shweta Patole,shwetashwetapatole@gmail.com,,"3705, Marathon Futurex, Mafatlal Mills Compound, NM Joshi Marg, Lower Parel, Mumbai - 400 013",,0,840000,Yes,,Senior Accountant ,,2025-04-03 15:00:00
,Vasant Patkar ,vasantpatkar@ymail.com,,"3705, Marathon Futurex, Mafatlal Mills Compound, NM Joshi Marg, Lower Parel, Mumbai - 400 013",,90,800000,Yes,,Assistant Manager Finance ,,2025-04-02 20:00:00
,Rajan Yadav ,rajanyadav730960@gmail.com,,"3705, Marathon Futurex, Mafatlal Mills Compound, NM Joshi Marg, Lower Parel, Mumbai - 400 013",,15,360000,Yes,,Hr admin ,,2025-04-02 18:00:00
,Mr Rajesh A Bidaye,rajeshbidaye@gmail.com,,"3705, Marathon Futurex, Mafatlal Mills Compound, NM Joshi Marg, Lower Parel, Mumbai - 400 013",,Immediately or latest in 8-10 days,1200000,Accounts & Finance Manager ,,,,2025-04-02 17:30:00
,Ronald Pereira,pereiraronald88@gmail.com,,"3705, Marathon Futurex, Mafatlal Mills Compound, NM Joshi Marg, Lower Parel, Mumbai - 400 013",,Immediate joining,580000,Yes,,HR Generalist ,,2025-04-02 17:00:00
,Ankit Rupawate,rupawateankit@gmail.com,,"3705, Marathon Futurex, Mafatlal Mills Compound, NM Joshi Marg, Lower Parel, Mumbai - 400 013",,Immediate ,680000,,,,,2025-04-02 16:30:00
,Gayatri Suryawanshi,gayatrisuryawanshi277@gmail.com,,"3705, Marathon Futurex, Mafatlal Mills Compound, NM Joshi Marg, Lower Parel, Mumbai - 400 013",,20 days,360000,Yes,,HR Executive,,2025-04-02 15:15:00
,Vipul Kansara,vipulkansara09@gmail.com,,"3705, Marathon Futurex, Mafatlal Mills Compound, NM Joshi Marg, Lower Parel, Mumbai - 400 013",,,,,,,,2025-04-02 14:45:00
,Prashant Hanumant Pawar ,pawarp555@gmail.com,,"3705, Marathon Futurex, Mafatlal Mills Compound, NM Joshi Marg, Lower Parel, Mumbai - 400 013",,15 days,1260000,Yes,,Information technology specialist ,,2025-04-02 14:30:00
,Vishal Gaddam,vishalgaddam07@gmail.com,,"3705, Marathon Futurex, Mafatlal Mills Compound, NM Joshi Marg, Lower Parel, Mumbai - 400 013",,30 day's ,540000,Yes,,,,2025-04-01 20:00:00
,Dhrutika Tailor,dhrutikatailor2014@gmail.com,,"3705, Marathon Futurex, Mafatlal Mills Compound, NM Joshi Marg, Lower Parel, Mumbai - 400 013",,60,1000000,Yes,,Senior Accountant ,,2025-04-01 19:30:00
,Nilesh Dattaram Dalvi ,nileshdalvi11@outlook.com,,"3705, Marathon Futurex, Mafatlal Mills Compound, NM Joshi Marg, Lower Parel, Mumbai - 400 013",,7 Days,720000,Yes,,Senior Accountant,,2025-04-01 19:15:00
,Vicky Patil,vicky.123531@gmail.com,,"3705, Marathon Futurex, Mafatlal Mills Compound, NM Joshi Marg, Lower Parel, Mumbai - 400 013",,'+91 70450 77455,,,,,,2025-04-01 18:45:00
,Megha Shetty,meghasha15@gmail.com,,"3705, Marathon Futurex, Mafatlal Mills Compound, NM Joshi Marg, Lower Parel, Mumbai - 400 013",,Immediate ,"Rs 14,00,000 ",Is cab facility provided,,Manager ,,2025-04-01 18:00:00
,Komal Vilas Chavan,komalchavan2000@gmail.com,,"3705, Marathon Futurex, Mafatlal Mills Compound, NM Joshi Marg, Lower Parel, Mumbai - 400 013",,,,,,LinkedIn,,2025-04-01 17:30:00
,Riya Shrivastava,riyashrivastav333@gmail.com,,"3705, Marathon Futurex, Mafatlal Mills Compound, NM Joshi Marg, Lower Parel, Mumbai - 400 013",,'+91 99670 52594,,,,,,2025-04-01 17:00:00
,Amisha H Sharmaa ,sharma.amisha85@gmail.com,,"3705, Marathon Futurex, Mafatlal Mills Compound, NM Joshi Marg, Lower Parel, Mumbai - 400 013",,Serving notice period ,11.5 lpa fixed,Yes,,Human resources executive ,,2025-04-01 16:45:00
,Dolly Singh,singhdoolly@gmail.com,,"3705, Marathon Futurex, Mafatlal Mills Compound, NM Joshi Marg, Lower Parel, Mumbai - 400 013",,Immediate,900000,,,,,2025-04-01 16:00:00
,Sayali Virnodkar,sayuvirnodkar@gmail.com,,"3705, Marathon Futurex, Mafatlal Mills Compound, NM Joshi Marg, Lower Parel, Mumbai - 400 013",,Immediate joiner,1200000,,,,,2025-04-01 15:30:00
,Sneha Mayekar,sneha.narse@yahoo.com,,"3705, Marathon Futurex, Mafatlal Mills Compound, NM Joshi Marg, Lower Parel, Mumbai - 400 013",,,,,,,,2025-04-01 14:30:00
,Gaurang Dhanak,gaurang.dhanak@gmail.com,,"3705, Marathon Futurex, Mafatlal Mills Compound, NM Joshi Marg, Lower Parel, Mumbai - 400 013",,,,,,,,2025-03-31 20:00:00
,Tanmay Rane,tanmayrane99@gmail.com,,"3705, Marathon Futurex, Mafatlal Mills Compound, NM Joshi Marg, Lower Parel, Mumbai - 400 013",,,,,,,,2025-03-31 18:30:00
,Anandraj ,anandrajsuganthi1997@gmail.com,,"3705, Marathon Futurex, Mafatlal Mills Compound, NM Joshi Marg, Lower Parel, Mumbai - 400 013",,,,,,,,2025-03-31 17:00:00
,Vikrant,vikrant.ambekar009@gmail.com,,"3705, Marathon Futurex, Mafatlal Mills Compound, NM Joshi Marg, Lower Parel, Mumbai - 400 013",,,,,,,,2025-03-31 16:00:00
,Shubham Kesariya ,kesariya.shubham9@gmail.com,,"3705, Marathon Futurex, Mafatlal Mills Compound, NM Joshi Marg, Lower Parel, Mumbai - 400 013",,,,,,,,2025-03-31 15:30:00
,Rajesh Choudhari,rajeshchoudhari7890@gmail.com,,"3705, Marathon Futurex, Mafatlal Mills Compound, NM Joshi Marg, Lower Parel, Mumbai - 400 013",,,,,,,,2025-03-31 14:30:00
,Poonam Kalambe,jadhavponu18@gmail.com,,"3705, Marathon Futurex, Mafatlal Mills Compound, NM Joshi Marg, Lower Parel, Mumbai - 400 013",,'+91 88283 04010,,,,,,2025-03-30 16:30:00
,Prashant Hirve,prashant_hirve@yahoo.com,,"3705, Marathon Futurex, Mafatlal Mills Compound, NM Joshi Marg, Lower Parel, Mumbai - 400 013",,,,,,,,2025-03-30 16:00:00
,Rohit Yadav,rohit432r@gmail.com,,"3705, Marathon Futurex, Mafatlal Mills Compound, NM Joshi Marg, Lower Parel, Mumbai - 400 013",,,,,,,,2025-03-30 15:30:00
,Parag Parmar,paragpd26@gmail.com,,"3705, Marathon Futurex, Mafatlal Mills Compound, NM Joshi Marg, Lower Parel, Mumbai - 400 013",,,,,,,,2025-03-30 15:00:00
,Gvsrk Ganesh ,go4ganu@yahoo.co.in,,"3705, Marathon Futurex, Mafatlal Mills Compound, NM Joshi Marg, Lower Parel, Mumbai - 400 013",,'+91 91633 61599,,,,,,2025-03-30 14:30:00
,Sanket Shukla,sanketshukla19@gmail.com,,"3705, Marathon Futurex, Mafatlal Mills Compound, NM Joshi Marg, Lower Parel, Mumbai - 400 013",,,,,,,,2025-03-30 13:30:00
,Chandrakant Tripathi,tripathi.chandrakant@gmail.com,,"3705, Marathon Futurex, Mafatlal Mills Compound, NM Joshi Marg, Lower Parel, Mumbai - 400 013",,,,,,,,2025-03-30 13:00:00
,Siddhesh Nitin Sawant ,sawantsiddhesh1398@gmail.com,,"3705, Marathon Futurex, Mafatlal Mills Compound, NM Joshi Marg, Lower Parel, Mumbai - 400 013",,,,,,,,2025-03-30 12:30:00
,Nirajkumar Vishwakarma,nirajsv375@gmail.com,,"3705, Marathon Futurex, Mafatlal Mills Compound, NM Joshi Marg, Lower Parel, Mumbai - 400 013",,,,,,,,2025-03-30 12:00:00
,Debasish Nayak,debasish.nayaak@gmail.com,,"3705, Marathon Futurex, Mafatlal Mills Compound, NM Joshi Marg, Lower Parel, Mumbai - 400 013",,,,,,,,2025-03-30 11:30:00
,Yogita Panchmukh,yogita1183panchmukh@gmail.com,,"3705, Marathon Futurex, Mafatlal Mills Compound, NM Joshi Marg, Lower Parel, Mumbai - 400 013",,,,,,,,2025-03-30 11:00:00
,Deepak Kannaujiya,dkanojiya38@gmail.com,,"3705, Marathon Futurex, Mafatlal Mills Compound, NM Joshi Marg, Lower Parel, Mumbai - 400 013",,,,,,,,2025-03-29 16:30:00
,Pooja Arkal ,poojaarkal2228@gmail.com,,"3705, Marathon Futurex, Mafatlal Mills Compound, NM Joshi Marg, Lower Parel, Mumbai - 400 013",,,,,,,,2025-03-29 16:00:00
,Viral Patel,patel.viral326@gmail.com,,"3705, Marathon Futurex, Mafatlal Mills Compound, NM Joshi Marg, Lower Parel, Mumbai - 400 013",,,,,,,,2025-03-29 15:30:00
,Kruti Chawda,krutichawda757@gmail.com,,"3705, Marathon Futurex, Mafatlal Mills Compound, NM Joshi Marg, Lower Parel, Mumbai - 400 013",,'+91 95949 90775,,,,,,2025-03-29 15:00:00
,Suraj Pal,suraj.pal327@gmail.com,,"3705, Marathon Futurex, Mafatlal Mills Compound, NM Joshi Marg, Lower Parel, Mumbai - 400 013",,'+91 90043 63134,,,,,,2025-03-29 14:30:00
,Rajiv Palle ,rajivpalle880@gmail.com,,"3705, Marathon Futurex, Mafatlal Mills Compound, NM Joshi Marg, Lower Parel, Mumbai - 400 013",,,,,,,,2025-03-29 14:00:00
,Pratap Maharana ,maharanapratap228@gmail.com,,"3705, Marathon Futurex, Mafatlal Mills Compound, NM Joshi Marg, Lower Parel, Mumbai - 400 013",,,,,,,IT,2025-03-29 13:30:00
,Deepak Kushwaha,deepakkushwaha935@gmail.com,,"3705, Marathon Futurex, Mafatlal Mills Compound, NM Joshi Marg, Lower Parel, Mumbai - 400 013",,,,,,,IT,2025-03-29 13:00:00
,Ashwini Ajay Gupta,ashduraphe@gmail.com,,"3705, Marathon Futurex, Mafatlal Mills Compound, NM Joshi Marg, Lower Parel, Mumbai - 400 013",,,,,,,,2025-03-29 12:30:00
,Mukesh Kanojia ,mukesh.kanojia123@gmail.com,,"3705, Marathon Futurex, Mafatlal Mills Compound, NM Joshi Marg, Lower Parel, Mumbai - 400 013",,,,,,,,2025-03-29 12:00:00
,Harsh Bhatt,harshbhatt4985@gmail.com,,"3705, Marathon Futurex, Mafatlal Mills Compound, NM Joshi Marg, Lower Parel, Mumbai - 400 013",,,,,,,,2025-03-29 11:30:00
,Rohit Zanwar ,rohit.zanwar@rediffmail.com,,"3705, Marathon Futurex, Mafatlal Mills Compound, NM Joshi Marg, Lower Parel, Mumbai - 400 013",,,,,,,,2025-03-29 11:00:00
,Ankit Singh,aaankit.sssingh@gmail.com,,"3705, Marathon Futurex, Mafatlal Mills Compound, NM Joshi Marg, Lower Parel, Mumbai - 400 013",,,,,,,,2025-03-28 20:00:00
,Paresh Bhanushali,paresh.bhanushali07@gmail.com,,"3705, Marathon Futurex, Mafatlal Mills Compound, NM Joshi Marg, Lower Parel, Mumbai - 400 013",,,,,,,,2025-03-28 19:30:00
,Anuneha Rege,anuneha.regge@gmail.com,,"3705, Marathon Futurex, Mafatlal Mills Compound, NM Joshi Marg, Lower Parel, Mumbai - 400 013",,,,,,,,2025-03-28 17:00:00
,Palak Naroliwala,palnaroliwala@gmail.com,,"3705, Marathon Futurex, Mafatlal Mills Compound, NM Joshi Marg, Lower Parel, Mumbai - 400 013",,,,,,,,2025-03-28 16:00:00
,Vikas Yadav,vikas.yadav190597@gmail.com,,"3705, Marathon Futurex, Mafatlal Mills Compound, NM Joshi Marg, Lower Parel, Mumbai - 400 013",,,,,,,,2025-03-28 14:30:00
,Seetha,mallikaseetha@gmail.com,'+91 88502 63012,'+91 88502 63012,,700000,Yes,HR,,LinkedIn,Shortlisted 7yrs experienceCurrent inhand 52000kExpected inhand 70000k,3/7/25 17:40
,Pradeep Panigrahi,pradeep.panigrahi1991@gmail.com,,"3705, Marathon Futurex, Mafatlal Mills Compound, NM Joshi Marg, Lower Parel, Mumbai - 400 013",,'+91 98190 47078,,,,,,2025-03-27 20:00:00
,Gaurav Pokale,gauravpokale77@gmail.com,,"3705, Marathon Futurex, Mafatlal Mills Compound, NM Joshi Marg, Lower Parel, Mumbai - 400 013",,,,,,,,2025-03-27 19:30:00
,Vikas Bhaud,vikasbhaud7@gmail.com,,"3705, Marathon Futurex, Mafatlal Mills Compound, NM Joshi Marg, Lower Parel, Mumbai - 400 013",,,,,,,,2025-03-27 18:30:00
,Trunal Talekar,trunaltalekar7@gmail.com,'+91 72084 05204,'+91 72084 05204,,"2,30,000",Yes,Admin/EA,,LinkedIn,"Rejected Worked in Wipro, L&T (MNCs)Current salary - 1,35,000kExpected salary - 2,30,000",3/3/25 17:50
,Gaurav Jadhav,gaurav.jadhav82@gmail.com,,"3705, Marathon Futurex, Mafatlal Mills Compound, NM Joshi Marg, Lower Parel, Mumbai - 400 013",,'+91 95450 61999,,,,,,2025-03-27 14:30:00
,Rohit Baranwal ,rhtbrnwl@gmail.com,,"3705, Marathon Futurex, Mafatlal Mills Compound, NM Joshi Marg, Lower Parel, Mumbai - 400 013",,'+91 95450 66794,,,,,,2025-03-26 20:30:00
,Roshan Prakash Morajkar,roshan.morajkar@gmail.com,,"3705, Marathon Futurex, Mafatlal Mills Compound, NM Joshi Marg, Lower Parel, Mumbai - 400 013",,,,,,,,2025-03-26 20:00:00
,Hitesh Narendra Rawal ,hiteshrwl999@gmail.com,,"3705, Marathon Futurex, Mafatlal Mills Compound, NM Joshi Marg, Lower Parel, Mumbai - 400 013",,'+91 72768 21533,,,,,,2025-03-26 19:30:00
,Aakash Joshi,aakash.854u@gmail.com,,"3705, Marathon Futurex, Mafatlal Mills Compound, NM Joshi Marg, Lower Parel, Mumbai - 400 013",,,,,,,,2025-03-26 17:15:00
,Ravindra Barai,barairavindra@gmail.com,,"3705, Marathon Futurex, Mafatlal Mills Compound, NM Joshi Marg, Lower Parel, Mumbai - 400 013",,'+91 97025 27104,,,,,,2025-03-26 16:00:00
,Ankush Mishra ,ankushmishrait@gmail.com,,"3705, Marathon Futurex, Mafatlal Mills Compound, NM Joshi Marg, Lower Parel, Mumbai - 400 013",,,,,,,,2025-03-25 19:00:00
,Ronaldo Rodrigues ,ronaldo1798.rr@gmail.com,,"3705, Marathon Futurex, Mafatlal Mills Compound, NM Joshi Marg, Lower Parel, Mumbai - 400 013",,,,,,,EA,2025-03-25 15:00:00
,Desmond Mitra ,mitradesmond@yahoo.com,,"3705, Marathon Futurex, Mafatlal Mills Compound, NM Joshi Marg, Lower Parel, Mumbai - 400 013",,'+91 98215 23830,,,,,EA,2025-03-25 14:30:00
,Rupam Choudhary,rupamchoudhary844@gmail.com,,"3705, Marathon Futurex, Mafatlal Mills Compound, NM Joshi Marg, Lower Parel, Mumbai - 400 013",,,,,,,Acc,2025-03-24 19:00:00
,Yogesh Ghewari,yogeshghewari@gmail.com,,"3705, Marathon Futurex, Mafatlal Mills Compound, NM Joshi Marg, Lower Parel, Mumbai - 400 013",,,,,,,,2025-03-24 18:30:00
,Jayant M Bondre,jbondre24@gmail.com,,"3705, Marathon Futurex, Mafatlal Mills Compound, NM Joshi Marg, Lower Parel, Mumbai - 400 013",,,,,,,,2025-03-24 17:00:00
,Elizabeth Rajan,fiat.eliza@gmail.com,,"3705, Marathon Futurex, Mafatlal Mills Compound, NM Joshi Marg, Lower Parel, Mumbai - 400 013",,,,,,,EA,2025-03-24 16:30:00
,Dhaval Rathod,dhaval.1986@yahoo.co.in,,"3705, Marathon Futurex, Mafatlal Mills Compound, NM Joshi Marg, Lower Parel, Mumbai - 400 013",,,,,,,Acc,2025-03-24 16:00:00
,Sanket Ramdas Sadafale,sanketsadafale4@gmail.com,,"3705, Marathon Futurex, Mafatlal Mills Compound, NM Joshi Marg, Lower Parel, Mumbai - 400 013",,,,,,,,2025-03-23 14:30:00
,Jaiksheel Jawale,jawale.joy@gmail.com,,"3705, Marathon Futurex, Mafatlal Mills Compound, NM Joshi Marg, Lower Parel, Mumbai - 400 013",,,,,,,Acc,2025-03-23 14:00:00
,Grenil Lopes,lopesgrenil@gmail.com,,"3705, Marathon Futurex, Mafatlal Mills Compound, NM Joshi Marg, Lower Parel, Mumbai - 400 013",,'+91 97626 66595,,,,,,2025-03-23 13:30:00
,Shwetha Shetty,shwethashetty06@gmail.com,,"3705, Marathon Futurex, Mafatlal Mills Compound, NM Joshi Marg, Lower Parel, Mumbai - 400 013",,,,,,,Acc,2025-03-23 13:00:00
,Monisha Kapadia ,monishak_2006@yahoo.co.in,,"3705, Marathon Futurex, Mafatlal Mills Compound, NM Joshi Marg, Lower Parel, Mumbai - 400 013",,,,,,,Acc,2025-03-23 12:00:00
,Keyur Gandhi,gandhikeyur17@gmail.com,,"3705, Marathon Futurex, Mafatlal Mills Compound, NM Joshi Marg, Lower Parel, Mumbai - 400 013",,,,,,,Acc,2025-03-23 11:30:00
,Niranjan Panda,niranjan.panda@rediffmail.com,,"3705, Marathon Futurex, Mafatlal Mills Compound, NM Joshi Marg, Lower Parel, Mumbai - 400 013",,,,,,,Acc,2025-03-23 11:00:00
,Namita Shah,bamiietaashahh@gmail.com,,"3705, Marathon Futurex, Mafatlal Mills Compound, NM Joshi Marg, Lower Parel, Mumbai - 400 013",,,,,,,EA,2025-03-22 16:30:00
,Sumitkumar,basniwalsumit@gmail.com,,"3705, Marathon Futurex, Mafatlal Mills Compound, NM Joshi Marg, Lower Parel, Mumbai - 400 013",,,,,,,Accounts,2025-03-22 11:00:00
,Rupal Joshi,rupaljoshi84@gmail.com,,"3705, Marathon Futurex, Mafatlal Mills Compound, NM Joshi Marg, Lower Parel, Mumbai - 400 013",,,,,,,HR,2025-03-22 15:00:00
,Nayana Kavi,nayanakavi@gmail.com,,"3705, Marathon Futurex, Mafatlal Mills Compound, NM Joshi Marg, Lower Parel, Mumbai - 400 013",,'+91 91360 95603,,,,,EA,2025-03-22 14:30:00
,Renu Singh,singh8.renu@gmail.com,,"3705, Marathon Futurex, Mafatlal Mills Compound, NM Joshi Marg, Lower Parel, Mumbai - 400 013",,,,,,,Acc,2025-03-22 14:00:00
,Pooja ,poojasainani1@hotmail.com,,"3705, Marathon Futurex, Mafatlal Mills Compound, NM Joshi Marg, Lower Parel, Mumbai - 400 013",,,,,,,EA,2025-03-22 13:30:00
,Mayur Bonde,bonde.mayur20@gmail.com,'+91 93254 41041,'+91 93254 41041,,250000,Yes,Senior Accounts,,"Naukri
LinkedIn",,3/26/25 17:00
,Khushi Fadia,fadiakhushi@gmail.com,,"3705, Marathon Futurex, Mafatlal Mills Compound, NM Joshi Marg, Lower Parel, Mumbai - 400 013",,,,,,,Accounts,2025-03-22 12:30:00
,Nikita Fernandes ,nikitafrancisfernandes@gmail.com,,"3705, Marathon Futurex, Mafatlal Mills Compound, NM Joshi Marg, Lower Parel, Mumbai - 400 013",,,,,,,HR,2025-03-22 12:00:00
,Yash Dedhia,dedhiayash44@gmail.com,,"3705, Marathon Futurex, Mafatlal Mills Compound, NM Joshi Marg, Lower Parel, Mumbai - 400 013",,,,,,,HR,2025-03-22 11:30:00
,Sruthi Aluguri ,alugurisruthi21@gmail.com,'+91 79955 85212,'+91 79955 85212,,70000 permonth,Yes,"Accounts
Dynamic ERP Engineer
Quality Engineer",,LinkedIn,,4/9/25 16:00
,Lokesh,lokesh.d365@outlook.com,'+91 98373 90535,'+91 98373 90535,,0,Yes,Dynamic ERP Engineer,,LinkedIn,,4/8/25 15:00
,Mala Ram (Mahesh Kumawat),mr1995kumawat@gmail.com,'+91 82091 74529,'+91 82091 74529,,85000 Per Month,Yes,Dynamic ERP Engineer,,LinkedIn,,4/7/25 20:30
,C M Nived Raj,nivedrajcm@gmail.com,'+91 79941 11670,'+91 79941 11670,,1100000,Yes,Dynamic ERP Engineer,,LinkedIn,,4/7/25 17:00
,Suraj Kathale,kathale.suraj@gmail.com,'+91 95038 18294,'+91 95038 18294,,1500000,Yes,Design Engineer,,LinkedIn,,4/7/25 16:20
,Mansi Patadiya ,mansipatadiya14@gmail.com,'+91 87800 79825,'+91 87800 79825,,70000,Yes,Dynamic ERP Engineer,,LinkedIn,,4/4/25 20:30
,Kachhot Mahammad Mahir,mkmahir6@gmail.com,'+91 72279 67472,'+91 72279 67472,,40000,"Yes
Ahmedabad","IT Engineer
Dynamic ERP Engineer",,LinkedIn,,4/4/25 20:20
,Ajith,ajithma437@gmail.com,'+91 88387 04789,'+91 88387 04789,,17000,Yes,Dynamic ERP Engineer,,LinkedIn,,4/4/25 17:20
,Naveen M,naveen0013naveen@gmail.com,'+91 96009 51608,'+91 96009 51608,,70000,Yes,Dynamic ERP Engineer,,"LinkedIn
Yash",,4/4/25 15:30
,Bharathi R ,reddyvaribharathi97@gmail.com,'+91 88972 24169,'+91 88972 24169,,0,Yes,Dynamic ERP Engineer,,LinkedIn,,4/4/25 15:20
,Govind,govndp18@gmail.com,'+91 75694 07404,'+91 75694 07404,,73000,Yes,Dynamic ERP Engineer,,LinkedIn,,4/3/25 18:10
,Vikas Prasad,vikas23012000@gmail.com,'+91 84418 91230,'+91 84418 91230,,1200000,KOLKATA,"IT Engineer
Dynamic ERP Engineer",,"Naukri
LinkedIn
",,4/2/25 20:50
,Raushan Kumar ,raushankrsingh75@gmail.com,'+91 73199 84434,'+91 73199 84434,,60000 per month ,"Yes
Yes","Design Engineer
Quality Engineer",,LinkedIn,,4/1/25 16:30
,Prasad Nandkumar Joshi,prasadfeb19@outlook.com,'+91 95034 25234,Zoom URL: https://us06web.zoom.us/j/85083333275?pwd=ap4ZguByzbvJLDgZAQbn7nlI5jO8QB.1,,100000,Yes,"Quality Engineer
Quality/CMM",,"Naukri
LinkedIn",,3/7/25 21:50
,Shubhanshu Tripathi,contact@shubhanshutrip.com,'+91 94245 92907,Zoom URL: https://us06web.zoom.us/j/84416459227?pwd=i0SuWvhvs9gZY4oqs14st0gtZFCShT.1,,100000 per month,Yes,IT Engineer,,Naukri,,3/7/25 21:40
,Ramchandra Beldar ,ramchandrabeldar22@gmail.com,'+91 98605 06671,Zoom URL: https://us06web.zoom.us/j/81165882107?pwd=7CaW87QHIZ5rzdaL4gZ0Z6JbSrngsr.1,,60000per month ,Yes,Quality/CMM,,LinkedIn,,3/7/25 21:30
,Pratik Vilas Gangurde,pratikvgangurde@gmail.com,'+91 95033 37155,Zoom URL: https://us06web.zoom.us/j/84822298000?pwd=vCbICqv9PVbzh4vyGI35C8Svr40U5I.1,,120000,Yes,Design Engineer,,Naukri,,3/7/25 21:20
,Sanjay M Meda,medasanjaykumarmanubhai@gmail.com,'+91 63547 66606,Zoom URL: https://us06web.zoom.us/j/89922005291?pwd=95pPmMHFa8ZEcaix8cOaQ64uD1EePe.1,,50000/-,30 day,CNC Programmer,,"LinkedIn
",Not interested (location issue - Gujrat),3/7/25 21:10
,Sagar Chaudhari ,sagar.chaudhari13@gmail.com,'+91 94234 02090,Zoom URL: https://us06web.zoom.us/j/81411725965?pwd=uxFK8EnGetPHzhiwxMFE2PIA3mR1bg.1,,45000,Yes,Design Engineer,,"Naukri
LinkedIn",,3/7/25 20:50
,Pooja Ramesh Parkar,poojaparkar30@gmail.com,'+91 96198 89456,Zoom URL: https://us06web.zoom.us/j/83825576646?pwd=kOab46zle9lBdaTzfgc3YUaJ2QEAOa.1,,Mumbai,Maharashtra,Senior Accounts,,Naukri,Scheduled interview12 yrs experiencecurrent inhand - 60000kexpected inhand - 70000k,3/7/25 20:40
,Ganesh Rajurkar ,ganeshk7324@gmail.com,'+91 99607 44727,Zoom URL: https://us06web.zoom.us/j/86156515078?pwd=ijT3noJInbufRMSkPn2tjav9ouYfEk.1,,60000,Yes,"CNC Programmer
Quality Engineer
Quality/CMM",,Team,,3/7/25 20:10
,Pankaj Prabhakar Bhaware,pankajdevops7@gmail.com,'+91 87882 60179,Zoom URL: https://us06web.zoom.us/j/85352689809?pwd=RwjlYVle7yTWykYHFkqpaar0on9wHb.1,,108000,Yes,IT Engineer,,LinkedIn,Not interested - Shift timings,3/7/25 20:00
,Anjali Kalaskar ,anjalikalskar16@gmail.com,'+91 94035 91630,Zoom URL: https://us06web.zoom.us/j/89754606506?pwd=gaOiXQlUsVlW9b2JH2pszJqHb2wa8D.1,,550000,Yes,Quality/CMM,,Naukri,Rejected by KSM Ma'am (Interviewed),3/7/25 19:50
,Narsingh Kannaujiya,naks363@gmail.com,'+91 85747 70363,Zoom URL: https://us06web.zoom.us/j/87280020314?pwd=mOlnru10jX8WFPS1xt28akcOCzua9l.1,,H,Yes,"Quality Engineer
Quality/CMM",,Naukri,Shortlisted - shared test7 yrs experiencecurrent inhand - 35000kexpected inhand - 50000k,3/7/25 19:40
,Om Bidkar,ombidkar7391@gmail.com,'+91 73919 91789,Zoom URL: https://us06web.zoom.us/j/87034003852?pwd=AgvaXQ5yGTkceaGMvxqQb8RalWCcAK.1,,70000,Yes,IT Engineer,,Naukri,Shortlisted - shared test3.5 yrs experienceCurrent inhand - 35000kExpected inhand - 50000k,3/7/25 19:30
,Sagar Vitthal Kapdne ,sagarkapdne95@gmail.com,'+91 95526 92260,'+91 95526 92260,,45000,Yes,"Quality Engineer
Quality/CMM",,Naukri,Shortlisted - shared test8 yrs experienceCurrent inhand - 40000kExpected inhand - 50000k,3/7/25 19:20
,Dinesh Karanjkar,karanjkardinesh050@gmail.com,'+91 98500 80074,'+91 98500 80074,,650000,Yes,Design Engineer,,"Naukri
LinkedIn
FoundIt",Not interested (shift timings),3/7/25 19:10
,Paresh Sutar ,pareshsutar13@gmail.com,'+91 96193 81733,'+91 96193 81733,,"1,00,000 to 1,20,000 per month ",60 to 30 days negotiable. I am confident on negotiating the notice period.,HR,,LinkedIn,Not interested (shift timings),3/7/25 19:00
,Arun Roy,aktheroy@outlook.com,'+91 98678 68482,'+44 7407 720200,,400000,Yes,"Research Engineer
IT Engineer",,Naukri,,3/7/25 18:30
,Nagarjuna Bolla,nagarjuna.bolla1@hotmail.com,'+91 95028 06891,'+91 95028 06891,,"1,20,000",Yes,IT Engineer,,LinkedIn,Shortlisted - Shared test8 yrs experience Current inhand - 70000kExpected inhand - 90000k,3/7/25 18:00
,Mayuri Pagare,mayuripagare786@gmail.com,'+91 97024 04474,'+91 97024 04474,,30000,"Yes
",Accounts,,Naukri,Not interested (shift timing & 6 days working),3/7/25 17:50
,Riddhi Gor,riddhigor37@gmail.com,'+91 80827 50486,'+91 80827 50486,,450000,Yes,HR,,LinkedIn,,3/7/25 17:30
,Linette Cardozo,shalom11@hotmail.com,'+91 99305 70533,Zoom URL: https://us06web.zoom.us/j/83160307495?pwd=TzTbfwDCL16K7PeDRSab00LtFZRnSn.1,,80000,Yes,Admin/EA,,Naukri,Wrong number,3/6/25 21:50
,Abhishek Gendle,abhibusiness1622@gmail.com,'+91 77388 97099,Zoom URL: https://us06web.zoom.us/j/88579990232?pwd=oFihuPs4tMvSpKb8RRVFTw6KUQEvH8.1,,70000,Yes,Admin/EA,,Naukri,No response - whatsapp,3/6/25 21:40
,Tushant Rama Balkhande,tushantbalkhande8@gmail.com,'+91 97632 29045,Zoom URL: https://us06web.zoom.us/j/87350043386?pwd=uTsHEum9509nH08fK6IRWEumnnsQ5c.1,,35000,Yes,"Quality Engineer
Quality/CMM",,Naukri,No response - whatsapp,3/6/25 21:30
,Prachi Kulkarni,prachi.k1318@gmail.com,'+91 74105 80856,'+91 74105 80856,,80000 to 90000,Yes,Admin/EA,,Naukri,Rejected 4 yrs experienceJob HoppingHigh salary expectation,3/3/25 17:20
,Abhishek Kumar Singh,singhabhishekkumar642@gmail.com,'+91 93269 62675,Zoom URL: https://us06web.zoom.us/j/85743394903?pwd=sAvSSsKwDxaebYUVyYe4Sz778H8vBC.1,,8 LPA,Yes,IT Engineer,,Naukri,No response - whatsapp,3/6/25 21:00
,Yolanda Almeida,almeida.yolanda2816@gmail.com,'+91 99200 83132,Zoom URL: https://us06web.zoom.us/j/84548909331?pwd=AY6hIqo5xleQhXHqRJdN5lL1kpD8eb.1,,2000000,Yes,HR,,LinkedIn,No response - whatsapp,3/6/25 20:50
,Shubham Nishikant Pethkar ,shubhampethkar647@gmail.com,'+91 96736 44785,Zoom URL: https://us06web.zoom.us/j/85605270242?pwd=fn8sibYODfIC3GP2a7oUFjsCLhDdIb.1,,38000,Yes,"Quality Engineer
Quality/CMM",,"Naukri
LinkedIn",,3/6/25 20:40
,Durga Tandel,durga.ptandel@gmail.com,'+91 70218 78585,Zoom URL: https://us06web.zoom.us/j/87304665439?pwd=6Fxo5dWw9s06TRtCU05qZrZHPMb6eX.1,,50000 per month,Yes,Admin/EA,,LinkedIn,,3/6/25 20:30
,Astha Sharma,asthasharma264@gmail.com,'+91 62656 24525,Zoom URL: https://us06web.zoom.us/j/88993065621?pwd=mBGuGJ6dGkvZAgRXj5AsDH3TBnpk9L.1,,"75,000",Yes,Admin/EA,,Naukri,Rejected - Less experience & high salary2 yrs experienceCurrent inhand - 110000k Expected inhand - 120000k,3/6/25 20:20
,Sagar Khut,sagar.khut@gmail.com,'+91 97304 41744,Zoom URL: https://us06web.zoom.us/j/84171463140?pwd=90GoFTAOEhBSLADMS81ZpzdEBAT2DE.1,,50000,Yes,"Accounts
Senior Accounts",,LinkedIn,,3/6/25 20:10
,Siddhesh Shridhar Sawant,siddhesh.sawant291@gmail.com,'+91 80070 43340,Zoom URL: https://us06web.zoom.us/j/87512732321?pwd=M66bh2rDtvVL0Q7IJBZm38JlIdzge8.1,,3600000 per annum,Yes,IT Engineer,,LinkedIn,Rejected - High salary & no azure experienceCurrent inhand - 225000KExpected inhand - 300000k ,3/6/25 20:00
,Pratik Desai,pratikdesai5253@gmail.com,'+91 88304 39100,Zoom URL: https://us06web.zoom.us/j/82461105593?pwd=UVOYEHm916Ud7ilQP6ZBRYLGwLFFim.1,,700000(per year),Yes,"Design Engineer
Research Engineer",,Naukri,Shortlisted - Scheduled test3.6 yrs experiencecurrent inhand - 30000kexpected inhand - 45000k negotiable,3/6/25 19:50
,Sharad Dileep Rode,sharadrode03@gmail.com,'+91 77688 99159,Zoom URL: https://us06web.zoom.us/j/84438785497?pwd=x2zZvSb2AvHKcEZJECXIMBKVjzGVuN.1,,60000,Yes,Quality Engineer,,Naukri,Rejected - No CMM experience,3/6/25 19:30
,Kanhaiyalal ,kldhangar551@gmail.com,'+91 74899 39551,'+91 74899 39551,,550000,Yes,IT Engineer,,LinkedIn,,3/6/25 19:20
,Manas,manasthakur159@gmail.com,'+91 91566 60567,'+91 91566 60567,,850000,"Yes
","Research Engineer
Quality Engineer",,LinkedIn,Rejected - Fresher,3/6/25 19:10
,Ramachal Pandey,ramachalpandey7@gmail.com,'+91 77739 09295,'+91 77739 09295,,700000,Yes,"Design Engineer
Research Engineer
IT Engineer",,LinkedIn,,3/6/25 19:00
,Siddhi Salgaonkar ,srs2037@gmail.com,'+91 86898 95464,'+91 86898 95494,,65000 pm,Yes,"Accounts
Senior Accounts",,LinkedIn,,3/6/25 18:30
,Shivam Kumar,shivamsingh.10th@gmail.com,'+91 92849 34272,'+91 92849 34272,,500000,"Yes
",HR,,LinkedIn,,3/6/25 17:50
,Nilesh Argnoor ,nileshargnoor@gmail.com,'+91 92092 02308,'+91 92092 02308,,700000,30,IT Engineer,,LinkedIn,,3/6/25 17:40
,Jiten Rajesh Rathod,jitenrajeshrathod@gmail.com,'+91 90496 47644,'+91 90496 47644,,50000,Yes,IT Engineer,,"Naukri
LinkedIn",Rejected (Job hopper),3/12/25 20:10
,Neha Chawade,nehachawade@gmail.com,'+91 72187 33260,Zoom URL: https://us06web.zoom.us/j/82529702360?pwd=9kL0hg0DzuxQpkzfXJHXt0H6EdJu4y.1,,22000,Yes,"Accounts
Senior Accounts
Admin/EA",,"Naukri
LinkedIn",,3/5/25 21:50
,Dabloo Kumar ,dabloo.kumar255@gmail.com,'+91 86073 33585,Zoom URL: https://us06web.zoom.us/j/87212571362?pwd=kltPIOczqhZNDwA87tH97uGqBRiVae.1,,40000,No,Quality Engineer,,LinkedIn,Rejected - Job hopper,3/5/25 21:40
,Revanthbabu Pothuraju ,revanthbabu755@gmail.com,'+91 89856 02536,Zoom URL: https://us06web.zoom.us/j/84282490767?pwd=rGjm0QRHqlLbx5N5bIUlhLJx7Mt2qv.1,,54000,Yes,IT Engineer,,Naukri,,3/5/25 21:30
,Anandpratap Sahu,anandpratapsahu1995@gmail.com,'+91 79779 44998,Zoom URL: https://us06web.zoom.us/j/83914008378?pwd=aTUVMgabHQ8BLTuzrH7SqfrcGlmIBt.1,,70000 Monthly,Yes,Senior Accounts,,"Naukri
LinkedIn",,3/5/25 21:20
,Parag Girish Nemade,paraggnemade91@gmail.com,'+91 88058 90131,Zoom URL: https://us06web.zoom.us/j/81079809057?pwd=ehch32cuNCaxYaacPN9UeD3mQvta87.1,,45000,Yes,Design Engineer,,Naukri,Shotlisted Shared design test,3/5/25 21:10
,Yash Bhalekar,yashbhalekar2299@gmail.com,'+91 98608 10114,Zoom URL: https://us06web.zoom.us/j/86118945930?pwd=kiIDdpkvTBNJW5gZMTsPSVkbcN1QLa.1,,800000,Yes,Dynamic ERP Engineer,,Naukri,Shortlisted - Scheduled Interview,3/5/25 21:00
,Mayur Shintre ,mayurshintre1855@gmail.com,'+91 90213 01909,Zoom URL: https://us06web.zoom.us/j/87342645304?pwd=hVK8Uakoe8eV9BTENQo3QkaN9jBuPE.1,,40000 per month,Yes,"Design Engineer
Quality Engineer",,Naukri,Rejected (fresher),3/5/25 20:50
,Rishiraj,rishirajsalian@gmail.com,'+91 84548 52975,Zoom URL: https://us06web.zoom.us/j/85911634227?pwd=Qp1toDUbevLbvbDub0iJanLRWjkyOn.1,,75000 per month,Yes,Senior Accounts,,Naukri,,3/5/25 20:30
,Gulendra Rahangdale,gulendra.rahangdale991@gmail.com,'+91 93400 54105,Zoom URL: https://us06web.zoom.us/j/88464481770?pwd=q4rsN5Y6eW6iC1K0U3VBhCuoOC5o6c.1,,50000,Yes,"IT Engineer
Dynamic ERP Engineer",,Naukri,,3/5/25 20:20
,Vipul Pawar,pawarvipulsunil9697@gmail.com,'+91 99878 13521,Zoom URL: https://us06web.zoom.us/j/85137765131?pwd=qHsIOlmjHjETPII61pKFQRTxct9yVc.1,,550000,Yes,Senior Accounts,,"Naukri
LinkedIn",Shortlisted - shared test6yrs experiencecurrent inhand - 35000kexpected inhand - 40000k,3/5/25 20:10
,Jeenal Makwana ,mjeenal@yahoo.com,'+91 79770 13840,Zoom URL: https://us06web.zoom.us/j/84341867967?pwd=bf5sDWmDXZEpYECUWWA8Mo3SY3E0SN.1,,650000,Yes,Admin/EA,,LinkedIn,Rejected (profile not relevant),3/5/25 20:00
,Rahul Bharat Bajania,rbajania1803@gmail.com,'+91 96991 12420,Zoom URL: https://us06web.zoom.us/j/85658902506?pwd=8XRXA126J5LktV4yOXXMbaZWzG5LmJ.1,,66000,No,Accounts,,LinkedIn,,3/4/25 20:10
,Amrin Qureshi ,amrinqureshi9@gmail.com,'+91 84540 66002,Zoom URL: https://us06web.zoom.us/j/86772808147?pwd=55c1SxU5CgGMBfP8s9Xte5UvwkBbiI.1,,80 - 90k,Yes,Admin/EA,,Naukri,,3/5/25 19:40
,Madhav Jaiwal,madhavjaiwal2@gmail.com,'+91 90498 88313,Zoom URL: https://us06web.zoom.us/j/82005952514?pwd=2MK0e1WBum5GmXnggbjIFQMneb5k0c.1,,470000,Yes,Quality Engineer,,Naukri,Shortlisted - Shared testyears of experience - 5.5current inhand - 35000kexpected inhand - 54000k30 days notice period,3/4/25 19:50
,Tanmoy Parua,tanmoyparua0@gmail.com,'+91 62901 03452,'+91 62901 03452,,500000,"Yes
",IT Engineer,,LinkedIn,Rejected (fresher),3/5/25 19:20
,Akash Patil,patilakash494@gmail.com,'+91 94037 63735,'+91 94037 63735,,40000,Yes,IT Engineer,,LinkedIn,,3/5/25 19:10
,Deepshri Deviprasad Sonpure,sonpuredeepshree95@gmail.com,'+91 94217 50340,'+91 94217 50340,,700000,Yes,"Admin/EA
IT Engineer",,LinkedIn,,3/5/25 19:00
,Archana Eknath Tambe,tambe.archana70@gmail.com,'+91 93700 53986,'+91 93700 53986,,720000 LPA,"i am currently not working, not required notice period.",IT Engineer,,LinkedIn,Rejected - not comfortable with the shift timing .,3/5/25 18:50
,Jigar Thathagar,j9thathagar@gmail.com,'+91 80977 25004,'+91 80977 25004,,60000 Per Month,Yes,"Accounts
Senior Accounts",,LinkedIn,"Shortlisted - shared test - scheduled interview 16yrs experienceCurrent inhand - 50000kExpected inhand - 65000kExperience in AP, AR, finalisation etc.",3/5/25 18:40
,Mandar Pundlik,mandar.pundlik7@gmail.com,'+91 95033 60778,Zoom URL: https://us06web.zoom.us/j/88363541265?pwd=ShMrkITdQaYhPWPa5WkU1BoHBGulyN.1,,100000,Yes,Admin/EA,,Naukri,Not interested (Looking for WFH),3/11/25 21:50
,Nagraj Chandrakant Kundapur,nckundapur@gmail.com,'+91 98676 38242,'+91 98676 38242,,78000 per month ,Yes,"Accounts
Senior Accounts",,LinkedIn,,3/5/25 18:20
,Kailash Rajgor,kailashrajgor18@gmail.com,'+91 99985 66776,'+91 99985 66776,,1,"Yes
Ahmedabad ",Senior Accounts,,LinkedIn,,3/5/25 18:10
,Aayushi Singh,aayushirs3011@gmail.com,'+91 70210 02247,'+91 70210 02247,,66000 per month,Yes,"Admin/EA
IT Engineer",,LinkedIn,Shortlisted - shared test2.6 yrs. experienceOverall azure experience27000k current inhand35-40000k expected inhand,3/5/25 18:00
,Veer Chandra Yadav ,veerchandra000@gmail.com,'+91 85917 22735,'+91 85917 22735,,1220000,Yes,Admin/EA,,LinkedIn,Shortlisted - Shared testExperience - 8.5 yrsCurrent inhand - 90000kExpected inhand - 110000kGreat experience in azure & AWS.,3/5/25 17:50
,Meet Shah,meetshah448@gmail.com,'+91 79726 26131,'+91 79726 26131,,60000,Yes,"Accounts
Senior Accounts",,LinkedIn,Not interested - not comfortable with the shift timing,3/5/25 17:40
,Rahul Lendve,lendve.rahul2@gmail.com,'+91 92650 01785,Zoom URL: https://us06web.zoom.us/j/88585768635?pwd=L7x44sPUywvvQK4yWTt2IXop9w7VEX.1,,50000,Yes,Design Engineer,,Naukri,ShortlistedExperience - 6+ yrsCurrent inhand - 38000Expecting inane - 55000Good experience in ugnx & hardmetals,3/4/25 19:40
,Rakeshkumar Pal,palrakesh520@gmail.com,'+91 89764 73478,Zoom URL: https://us06web.zoom.us/j/85932249842?pwd=rNtOvcyVUedgWUMUM3jAMh8bCgacvg.1,,720000,Yes,Senior Accounts,,Naukri,Rejected Not comfortble for night shift ,3/3/25 20:30
,Roshni,roshninair1822@gmail.com,'+91 91670 65921,Zoom URL: https://us06web.zoom.us/j/87886748416?pwd=ukkyRDOxpR78Dza8XUwW4Zz1O8SxBb.1,,30000,Yes,HR,,LinkedIn,Shortlisted3 yrs experience in recruitment,3/3/25 20:10
,Rajkamal Jaisawar,rajkamaljaisawar777@gmail.com,'+91 70215 39240,Zoom URL: https://us06web.zoom.us/j/87255663732?pwd=U94YNDXEUcxlAvbNbBnUdnjIK6Ac1a.1,,35000-40000,Yes,Design Engineer,,Naukri,No Response,3/3/25 21:20
,Vineet Dubey,vineetdubey43@outlook.com,'+91 90983 21311,Zoom URL: https://us06web.zoom.us/j/83040280618?pwd=fm5Mtz8JbfzVDmissBpG5CnU1CGhnV.1,,90000 per month,Yes,Quality Engineer,,Naukri,,3/3/25 19:50
,Sameer Pathan ,pathansameer.govt@gmail.com,'+91 98346 72277,Zoom URL: https://us06web.zoom.us/j/87211036021?pwd=cQlbUPLkvjr0GVWmmFi26kvM8DReLD.1,,1500000,Yes,"Design Engineer
Research Engineer",,Naukri,Rejected No UGNX,3/3/25 20:50
,Satish Nandkumar Khade,satishkhade14@gmail.com,'+91 97681 59634,'+91 97681 59634,,65000,Yes,IT Engineer,,Naukri,Not interested (shift timing),3/12/25 20:40
,Rahul Jadhav,rahuljadhav5758@gmail.com,'+91 96653 95758,'+91 96653 95758,,80000,Yes,IT Engineer,,LinkedIn,Rejected (job hopper)Years of experience - 3.5worked in 4 companies ,3/4/25 18:50
,Rohini Jogdand ,rohinijogdand55@gmail.com,'+91 94036 64337,'+91 94036 64337,,800000,Yes,"Research Engineer
IT Engineer",,LinkedIn,Shortlisted - Shared testExperience - 3.3 yrsCurrent inhand - 27000kExpected inhand - 45000-50000k,3/4/25 18:30
,Chinamayee  Nayak,nchinmayee9935@gmail.com,'+91 81441 71911,'+91 81441 71911,,9-Aug,15 days or less,IT Engineer,,LinkedIn,Not interested because of the shift timing.,3/4/25 18:10
,Anjali Kushwaha,anjalikushwaha0012@gmail.com,'+91 63075 94895,'+91 63075 94895,,30000,Yes,"Quality Engineer
Quality/CMM",,LinkedIn,Rejected (less experience)1.5 yrs of experience in quality assurance.,3/4/25 18:00
,Ashish Kulkarni,ashishrkulkarni@gmail.com,'+91 95941 23222,'+91 95941 23222,,200000 pm,No,Senior Accounts,,LinkedIn,Rejected (high salary expectations)yrs of experience -25Current salary - 150000kExpected inhand - 200000k,3/4/25 17:50
,Ekaansh Bhardwaj,ebhar30@gmail.com,'+91 88519 99927,'+91 88519 99927,,1000000LPA,Yes,IT Engineer,,LinkedIn,Not interested Looking for Devops engineer profile,3/4/25 17:40
,Tejal P,polekartejal24@gmail.com,'+91 80821 44948,'+91 80821 44948,,2000000,Yes,Admin/EA,,LinkedIn,"Rejected (high salary)Experience - 9(6)Current salary - 112000kExpected inhand - 1,65,000k",3/4/25 17:30
,Nilesh Madane,nileshmadane02@gmail.com,'+91 91453 36548,'+91 91453 36548,,1300000 LPA,Yes,"Quality Engineer
Quality/CMM",,LinkedIn,,3/31/25 18:20
,Kiran More,kiranmore.31894@gmail.com,'+91 74999 25386,'+91 74999 25386,,90000,Yes,CNC Programmer,,LinkedIn,,3/31/25 18:10
,Avinash Mishra ,avinash.m.911@gmail.com,'+91 90221 27789,'+91 90221 27789,,1 lac per month ,Yes,Dynamic ERP Engineer,,LinkedIn,,3/31/25 18:00
,Ajinkyapatil,ajinkyapatil22@gmail.com,'+91 90962 33299,'+91 90962 33299,,120000,"Yes
","Design Engineer
Research Engineer",,LinkedIn,,3/31/25 16:50
,Nitin K Khot,nitinkkhot@gmail.com,'+91 90041 41311,'+91 90041 41311,,150000 per month,Yes,Design Engineer,,Mobile Phone,,3/31/25 16:40
,Ajinkya Kalage,ajinkyakalage17@gmail.com,'+91 99706 69332,'+91 99706 69332,,1800000 per Year,Yes,Design Engineer,,LinkedIn,,3/31/25 16:30
,Sanjeevani Bhatnagar,bhatnagarsanjeevani@gmail.com,'+91 82910 22017,Zoom URL: https://us06web.zoom.us/j/87656374819?pwd=l6Y67O3uTWr6J0nJPHnLa47HPOOX6L.1,,50000,Yes,HR,,LinkedIn,Rejected Not ok for afternoon shift ,3/3/25 21:40
,Shivangi Sandeep Khedekar,shivangikhedekar3@gmail.com,'+91 89759 26740,Zoom URL: https://us06web.zoom.us/j/89049668649?pwd=RzHctknf1FIbTANzHE0egnxibALiQC.1,,"My expected annual compensation is 9.5 lakh per year, based on my experience and the responsibilities of the role.",Yes,Design Engineer,,LinkedIn,Rejected Job Hopper (worked in 4 companies n 5yrs of experience),3/3/25 19:40
,Priyanka Kharge,khargepriyanka77@gmail.com,'+91 88989 47077,Zoom URL: https://us06web.zoom.us/j/83203791538?pwd=1wwHWYy4dppW4K6q7npvAVWI50BLYT.1,,50000,Yes,"Accounts
Senior Accounts",,"Naukri
LinkedIn
FoundIt",No Response,3/3/25 20:40
,Shankar Kempegoudar,shankarkempegoudar@gmail.com,'+91 98808 42822,'+91 98808 42822,,62000,Yes,Accounts,,LinkedIn,,3/3/25 19:00
,Nishant Choudhary,nishantprashantbsw@gmail.com,'+91 94604 10934,'+91 94604 10934,,13 LPA,Yes,IT Engineer,,LinkedIn,,3/3/25 18:40
,Kaustubh Trailokya,kaustubh.trailokya.14@gmail.com,'+91 98203 08954,'+91 98203 08954,,60000 per month,Yes,"Quality Engineer
Quality/CMM",,Naukri,Rejected No experience in the field of Quality Engineer and in GD&T symbols. ,3/3/25 18:30
,Manav Mukesh Shah,manav7498266524@gmail.com,'+91 74982 66524,'+91 74982 66524,,100000 per month ,Yes,IT Engineer,,LinkedIn,,3/3/25 18:20
,Monika Lichade,monikalichade09@gmail.com,'+91 79724 16253,'+91 79724 16253,,900000,Yes,IT Engineer,,"Naukri
LinkedIn
",Rejected3 yrs experience (no experience in azure)Working in Capgemini (MNC),3/3/25 18:10
,Varadkumar Vivek Chikshe ,varad.happy@gmail.com,'+91 93566 37199,'+91 93566 37199,,700000,Yes,"Accounts
Senior Accounts",,LinkedIn,Shortlisted4 yrs experience (2yrs in US acc.)current salary - 45000kexpected salary - 55000k,3/3/25 18:00
,Anil Kewat,anilkewat4@gmail.com,'+91 72768 84966,'+91 72768 84966,,"70,000 per month",Navi Mumbai,IT Engineer,,LinkedIn,,3/3/25 17:40
,G V S R K Ganesh,go4ganu@yahoo.co.in,'+91 91633 61599,'+91 91633 61599,,1500000,"Yes
","Accounts
Senior Accounts
Admin/EA",,LinkedIn,,3/3/25 17:30
,Nilesh Harendrabhai Doshi,nilesh_doshi74@yahoo.com,'+91 97271 66792,'+91 97271 66792,,1100000,Yes,Senior Accounts,,LinkedIn,Rejected (location - Ahmedabad),3/28/25 20:50
,Haresh Devi,deviharesh@gmail.com,'+91 88888 20233,'+91 88888 20233,,333000/month,"Yes, if the notice period is same from both the sides.",Dynamic ERP Engineer,,LinkedIn,Shortlisted,3/28/25 20:30
,Rajashekar Reddy Burru,rajshekarreddy081@gmail.com,'+91 88011 47244,'+91 88011 47244,,"1,75,0000",Hyderabad,Dynamic ERP Engineer,,LinkedIn,,3/24/25 20:10
,Shrinivas Kulal,shrinivaskulal18@gmail.com,'+91 97676 84653,'+91 97676 84653,,100000,Yes,"Design Engineer
Research Engineer",,LinkedIn,,3/28/25 19:10
,Bh,bharat_kalsi87@yahoo.com,'+91 98150 64975,'+91 98150 64975,,100000,Yes,CNC Programmer,,LinkedIn,,3/28/25 19:00
,Ranjan Kumar Singh,rccjharsuguda@gmail.com,'+91 87892 28060,'+91 87892 28060,,....,Yes,Design Engineer,,LinkedIn,,3/28/25 18:50
,Sumanth (Test),test@gmail.com,'+91 98765 43210,'+91 98765 43210,,50000,Yes,Accounts,,Naukri,,3/28/25 18:30
,Kunal Gandevia,kunalg2987@gmail.com,'+91 90495 01983,'+91 90495 01983,,150000-185000,Yes,"Design Engineer
Research Engineer",,google meet,,3/27/25 19:10
,Akash Chavan,akashchavan871@gmail.com,'+91 79727 08153,'+91 79727 08153,,1300000 pm,Yes,CNC Programmer,,LinkedIn,,3/27/25 19:00
,Suhas,suhass.phalake@gmail.com,'+91 93706 39073,'+91 93706 39073,,68000,No,Design Engineer,,LinkedIn,,3/27/25 16:00
,Amit Upadhyay,uamit6546@gmail.com,'+91 90829 05751,'+91 90829 05751,,...,Palghar,IT Engineer,,LinkedIn,,3/27/25 15:50
,Amartya Ranjan Sahoo,amartya025@gmail.com,'+91 82606 68922,'+91 82606 68922,,1500000,"Yes
Bhubaneswar",IT Engineer,,LinkedIn,Not interested (Location & high salary expectation)8 yrs experienceCurrent inhand - 60000kExpected inhand - 120000k,3/11/25 19:10
,Dhananjay Wagh,dwagh34@gmail.com,'+91 96048 59202,'+91 96048 59202,,900000LPA,Yes,"Design Engineer
CNC Programmer",,LinkedIn,,3/27/25 15:30
,Ashish Makkan,makkanashish@gmail.com,'+91 81681 51869,'+91 81681 51869,,350000 per month,Yes,Dynamic ERP Engineer,,LinkedIn,Not interested - location issue,3/25/25 20:40
,Shivani Sunil Shinkar,shivani.shinkar@gmail.com,'+91 93735 54981,'+91 93735 54981,,80000-90000(Per month),Yes,Dynamic ERP Engineer,,LinkedIn,Shortlisted,3/25/25 19:40
,Upendra ,paleiupendrakumar@gmail.com,'+91 98995 05049,'+91 98995 05049,,Ok,Yes,CNC Programmer,,LinkedIn,Rejected - communcation,3/25/25 18:50
,Jaimin Thakkar,jtmastersvit@gmail.com,'+91 94844 54730,'+91 94844 54730,,90000,Yes,Design Engineer,,LinkedIn,,3/25/25 17:40
,Paras Kohli,kohli.paras012@gmail.com,'+91 88006 91722,'+91 88006 91722,,4000000 per year,"Yes
",Dynamic ERP Engineer,,LinkedIn,Shortlisted,3/25/25 17:30
,Akash Pinjarkar ,akashpinjarkar83991@gmail.com,'+91 88888 79953,'+91 88888 79953,,90000 per month ,Yes,Design Engineer,,LinkedIn,Shortlisted,3/25/25 17:00
,Sujeet Narkhede,sjnark@gmail.com,'+91 75888 14660,'+91 75888 14660,,720000LPA,No,Design Engineer,,LinkedIn,Shortlisted,3/25/25 15:40
,Vipula Jain V,vipulajainv@gmail.com,'+91 95351 87166,'+91 95351 87166,,200000,Yes,Dynamic ERP Engineer,,LinkedIn,Not interested - Location issue,3/25/25 15:30
,Sanjay Chavda ,sanju.only333@gmail.com,'+91 90332 28775,'+91 90332 28775,,60000,Yes,Quality/CMM,,LinkedIn,,3/24/25 21:30
,Parimal Nalwade,parimalnalwade98@gmail.com,'+91 95270 68126,'+91 95270 68126,,13.5 LPA,Yes,"IT Engineer
Dynamic ERP Engineer",,LinkedIn,Shortlisted ,3/24/25 20:30
,Keerthi H N ,gowdakeerthi143@gmail.com,'+91 98807 59310,'+91 98807 59310,,1ct,Yes,Quality/CMM,,LinkedIn,not interested - looking for bangalore location,3/24/25 20:20
,Pavan Kumar S E,pavankumar.se1988@gmail.com,'+91 88843 10666,'+91 88843 10666,,5600000,Yes,Dynamic ERP Engineer,,LinkedIn,Shortlisted,3/24/25 20:00
,Gangadaran Selvam,gangadarmech13@gmail.com,'+971 54 542 1510,'+971 54 542 1510,,85000 / month,Yes,Quality/CMM,,LinkedIn,,3/24/25 18:50
,Shreeguhun A,shreeguhun@gmail.com,'+91 90355 83846,'+91 90355 83846,,65000,Yes,"Design Engineer
Quality Engineer
Quality/CMM",,LinkedIn,,3/24/25 18:40
,Ravikumar Thatikonda,ravikumarthatikonda1995@gmail.com,'+91 89786 46398,'+91 89786 46398,,26000,Yes,Dynamic ERP Engineer,,LinkedIn,Shortlisted,3/24/25 18:30
,Darshan,darshankrupa@yahoo.co.in,'+91 97429 77728,'+91 97429 77728,,4200000,Yes,Dynamic ERP Engineer,,LinkedIn,Not interested (location issue),3/24/25 18:20
,Dattatreya ,dattuyenimireddy007@outlook.com,'+91 95813 70095,'+91 95813 70095,,2200000,Yes,Dynamic ERP Engineer,,"LinkedIn
",Shortlisted,3/24/25 18:10
,Nataraj Rajendran ,natarajrajendra97@gmail.com,'+91 99446 97314,'+91 99446 97314,,1200000,Yes,Quality/CMM,,LinkedIn,"rejected - expectig 12lpa on curr 45k , loc issues",3/24/25 18:00
,Kartik Chauhan,kartikchauhan010@outlook.com,'+91 91066 64393,'+91 91066 64393,,33-36 LPA,Yes,Dynamic ERP Engineer,,LinkedIn,Not interested (location issue),3/24/25 17:50
,Sai Krishna ,saikrishnachary999@gmail.com,'+91 99125 67965,'+91 99125 67965,,100000,"Yes
Cumbum",Dynamic ERP Engineer,,LinkedIn,Not interested (location),3/24/25 17:40
,Sathesh D,satheshmech001@gmail.com,'+91 80565 74270,'+91 80565 74270,,70000,No,Quality/CMM,,LinkedIn,Not interested (shift timing),3/24/25 17:30
,Arun Singh,arunsingh100111@gmail.com,'+91 78004 41000,'+91 78004 41000,,120000,30 Days,"HR
IT Engineer
Quality Engineer",,LinkedIn,,3/21/25 20:30
,Kartik Devendra,kartik.devendra756@gmail.com,'+91 97025 64931,'+91 97025 64931,,"70,000",Yes,"Senior Accounts
HR",,LinkedIn,,3/18/25 18:50
,Mahesh Basutkar,mahesh.basutkar282@gmail.com,'+91 98334 83310,'+91 98334 83310,,80000,Yes,"Accounts
Senior Accounts",,Naukri,,3/18/25 17:30
,Arun Puran Pardhi,arunpardhi1707@gmail.com,'+91 75074 64550,'+91 75074 64550,,59000,No,"Research Engineer
Quality Engineer
Quality/CMM",,"Naukri
LinkedIn",,3/17/25 21:50
,Sandeep Sarvankar,sandeep_sarvankar@hotmail.com,'+91 96196 29558,'+91 96196 29558,,2700000,Yes,IT Engineer,,LinkedIn,,3/14/25 19:30
,Vaidehi Mane ,vaidehim35388@gmail.com,'+91 70457 56927,'+91 70457 56927,,650000,Yes,IT Engineer,,LinkedIn,,3/14/25 19:00
,Jyoti Saroj,sarojjyoti61@gmail.com,'+91 73041 05660,'+91 73041 05660,,34000 per month ,No,HR,,Naukri,,3/14/25 17:30
,Amar Kuvalekar,amarkuvalekar@gmail.com,'+91 96191 45380,'+91 99989 07664,,550000,Yes,Accounts,,LinkedIn,Rejected (No finalisation experience/team handling),3/13/25 21:50
,Parth Vora,voraparth12389@gmail.com,'+91 80821 08629,'+91 80821 08629,,1500000,No,IT Engineer,,LinkedIn,Rejected (No azure experience & high salary),3/13/25 21:40
,Kartik Agrawal ,agrawalkartik77@gmail.com,'+91 70382 67969,'+91 70382 67969,,9 LPA ,Yes,"IT Engineer
Quality Engineer",,LinkedIn,Not interested (shift timing),3/13/25 21:00
,Girish Chitale,girishce@gmail.com,'+91 99309 56728,'+91 99309 56728,,2500000 LPA,Yes,IT Engineer,,LinkedIn,,3/13/25 20:30
,Mani,mani463371@gmail.com,'+91 63013 43654,'+91 63013 43654,,85000,Yes,IT Engineer,,LinkedIn,Shortlisted 4 yrs experienceCurrent inhand - 55000kExpected inhand - 70000k,3/13/25 20:20
,Rahul Keshav Kale ,rahulkale1900@gmail.com,'+91 86524 71953,'+91 86524 71953,,0,Yes,IT Engineer,,LinkedIn,"Rejected (high salary expectation & hold offer of 1,10,000k)4 yrs experiencecurrent inhand - 34000kexpected inhand - 1,20,000k",3/13/25 20:10
,Brahmeswara Sarma Karra,kbsharma326@gmail.com,'+91 87903 05643,'+91 87903 05643,,75000,Yes,Quality/CMM,,LinkedIn,,3/13/25 20:00
,Manoj Vyas,vyasmr@gmail.com,'+91 99301 08384,'+91 99301 08384,,1500000,Yes,Senior Accounts,,LinkedIn,,3/13/25 19:50
,Manish Sarawgi,manish.sarawgicma@yahoo.com,'+91 93304 67858,'+91 93304 67858,,275000,Yes,Senior Accounts,,LinkedIn,Not interested (shift timing),3/13/25 19:40
,Mangesh Sonje,sonje.mangesh12@gmail.com,'+91 88283 16155,'+91 88283 16155,,65000,Yes,IT Engineer,,LinkedIn,Shortlisted - shared test5 yrs experiencecurrent inhand - 54000kexpected inhand - 70000k,3/13/25 19:30
,Nitin Shantaram Koli,nitinkoli162@gmail.com,'+91 73030 40197,'+91 73046 05152,,85000,Yes,IT Engineer,,LinkedIn,,3/12/25 21:50
,Dipu Singh,dipu.devops@gmail.com,'+91 60032 39904,'+91 60032 39904,,120000,Yes,IT Engineer,,LinkedIn,Rejected 2 yrs experienceCurrent inhand -70000kExpected inhand - 110000kless azure experience,3/12/25 21:30
,Shrithi Batthini,shrithibatthini2020@gmail.com,'+91 91373 56310,'+91 91373 56310,,11-12 LPA,Yes,IT Engineer,,LinkedIn,Not interested (shift timing),3/12/25 21:10
,Chaitanya Bhave,chaitanya.bhave@outlook.com,'+91 98208 77780,'+91 98208 77780,,200000,Yes,IT Engineer,,LinkedIn,Rejected (high salary),3/12/25 20:50
,Rohit Vaishnav,vaishnav.rohit2000@gmail.com,'+91 82911 66650,'+91 82911 66650,,65000,Yes,IT Engineer,,LinkedIn,,3/12/25 20:30
,Tapas Kumar Nayek,tapas.nayek@gmail.com,'+91 98308 93293,'+91 98308 93293,,5000000,Yes,Accounts,,LinkedIn,"Not interested (high salary, 25 yrs experience, location)",3/12/25 20:20
,Poorva Mahajan,mahajanpoorva203@gmail.com,'+91 75066 77293,'+91 75066 77293,,70000,Yes,IT Engineer,,LinkedIn,,3/12/25 19:50
,Xavier Nazareth,xavie5191@gmail.com,'+91 90043 10643,'+91 90043 10643,,2000000,Yes,Senior Accounts,,LinkedIn,Rejected (high salary)12.5 yrs experiencecurrent inhand - 125000kexpected inhand - 170000k,3/12/25 19:40
,Yoshita Bhoir ,yoshitabhoir@gmail.com,'+91 89282 08900,'+91 89282 08900,,450000 LPA,Yes,CNC Programmer,,LinkedIn,Shortlisted 3.2 yrs experienceCurrent inhand - 32000kExpected inhand - 45000k,3/12/25 19:30
,Jayeshkumar,jayeshsavliya90@gmail.com,'+91 98194 17963,'+91 98194 17963,,1200000,Yes,"Accounts
Senior Accounts",,"Naukri
LinkedIn",,3/11/25 21:40
,Akash,mulayakash5252@gmail.com,'+91 99605 64128,'+91 99605 64128,,1000000,Yes,"Quality Engineer
Quality/CMM",,LinkedIn,Shortlisted 12 yrs experienceCurret inhand - 54000kExpected inhand - 65000k,3/11/25 21:30
,Rajkumar Singh,meeruraj@rediffmail.com,'+91 82912 61273,'+91 82912 61273,,INR 3600000 PER ANNUM ,Yes,Senior Accounts,,LinkedIn,"Not interested (high salary)27 yrs experiencecurrent inhand - 2,50,000expected inhand - 3,00,000",3/11/25 21:20
,Harishchandra Ramesh Panchal ,harishchandrapanchal71@gmail.com,'+91 99223 63514,'+91 99223 63514,,"850,000",No,Quality/CMM,,Naukri,Not interested (high salary),3/11/25 21:10
,Ashwini Mahadik,ashwini.chandan0@gmail.com,'+91 90291 19253,Zoom URL: https://us06web.zoom.us/j/87291148463?pwd=qopq6ItuvfReRA8B5WB30Yc8c7jqvz.1,,50000,"Yes
",HR,,LinkedIn,,3/11/25 21:00
,Krishna Ramchandran Samalla,krishnasamalla369@gmail.com,'+91 77386 66369,'+91 77386 66369,,600000,Yes,IT Engineer,,LinkedIn,,3/11/25 20:50
,Saket Nigam,sjnigam10@gmail.com,'+91 76201 20592,'+91 76201 20592,,200000,Yes,IT Engineer,,Naukri,Rejected (fresher),3/11/25 20:40
,Rinku Matharu ,rinku_sept03@yahoo.com,'+91 96192 18597,'+91 96192 18597,,66000,Yes,Admin/EA,,Naukri,Shortlisted 15 yrs experiencecurrent inhand - 66000kexpected inhand - 80000k,3/11/25 20:20
,Niyukti Tembkar ,niyukti19@gmail.com,'+91 96194 79467,Zoom URL: https://us06web.zoom.us/j/81099876927?pwd=9uPl8byplA2dIjtcHhdffAQUDiZmGn.1,,400000,Yes,"Accounts
Senior Accounts",,LinkedIn,,3/11/25 20:10
,Anil Darji,anildarji11@gmail.com,'+91 86553 35594,Zoom URL: https://us06web.zoom.us/j/87806795747?pwd=TPQvaMjREEjb8TlTX7mmCyW0FtHEzi.1,,Mumbai,"Yes
",Senior Accounts,,LinkedIn,Rejected (High salary),3/11/25 20:00
,Deepa Wadhwani,deepawadhwani19@gmail.com,'+91 98201 69629,Zoom URL: https://us06web.zoom.us/j/86411507808?pwd=b2H8Pfv1w2HFHbieL5sRHFML9RMG7x.1,,current compensation 30Lakhs per annum ,Yes,Admin/EA,,calendly ,Not interested (shift timing),3/11/25 19:50
,Uttara Nair,uttara269@gmail.com,'+91 98923 42238,Zoom URL: https://us06web.zoom.us/j/89096969783?pwd=AdGtqaikyueoQVsmBPSINacVeiMMJb.1,,Mumbai,Yes,Admin/EA,,Naukri,Shortlisted - Scheduled interview7.8 yrs experienceCurrent inhand - 43000kExpected inhand - 55000k,3/11/25 19:40
,Preeti Singh,preeti.singhh153@gmail.com,'+91 70217 47118,'+91 70217 47118,,50000 per month,Yes,IT Engineer,,Naukri,,3/11/25 19:00
,Pratik Shah,pratikashah82@gmail.com,'+91 99207 23940,'+91 99207 23940,,2200000 per year,Yes,Senior Accounts,,"Naukri
LinkedIn","Rejected (high salary)16 yrs experienceCurrent inhand - 1,49,000kExpected inhand - 2,25,000k",3/11/25 17:40
,Pranay Chinche,pranaychinche10@gmail.com,'+91 89995 53992,'+91 89995 53992,,80k to 85k,"Yes
Haveli",IT Engineer,,Naukri,,3/11/25 17:30
,Rahul Subhash Bhosale ,rahulbhosle26@ymail.com,'+91 93076 26166,Zoom URL: https://us06web.zoom.us/j/87339743700?pwd=Ujm6dH5tmQ0n8Opa0U6fy7ZbaS4wGL.1,,80000,Yes,Admin/EA,,Naukri,"Rejected - No EA experience , Poor communication , More into admin ",3/10/25 21:50
,Sanjeev Ramesh Suroshe,sanjeevsuroshe@gmail.com,'+91 70456 03018,Zoom URL: https://us06web.zoom.us/j/83455896973?pwd=5CdORmUSivOYygdb9YnA9dG9boAp4t.1,,51000,Yes,IT Engineer,,Naukri,Shortlisted ,3/10/25 21:40
,Somesh Govalkar,someshgovalkar@gmail.com,'+91 88985 46536,Zoom URL: https://us06web.zoom.us/j/89568605148?pwd=HbgAKfHpB31cGxFDUMpGalIDa9qaRf.1,,85000,Yes,"Accounts
Senior Accounts",,Naukri,Rejected - Job hopper,3/10/25 21:30
,Godwin Ramrajkar,godwin.ramrajkar@gmail.com,'+91 79775 03291,Zoom URL: https://us06web.zoom.us/j/82064149227?pwd=YGzKoEVaZAWvMmdkePWABzC0NavRQ9.1,,"6,00,000/-",Yes,"Accounts
Senior Accounts",,Naukri,Wrong contact no.,3/10/25 21:20
,Aditya Shahajirao Patil,adityapatil2080@gmail.com,'+91 75075 28365,Zoom URL: https://us06web.zoom.us/j/88232314787?pwd=cNKcjGoU38XvmhKGA2jK4QDC15jf4B.1,,80000 - 90000 per month,Immediate Joiner,IT Engineer,,Naukri,Rejected (Fresher/high salary expectation),3/10/25 21:10
,Pooja Jain,poojajain1594@gmail.com,'+91 97663 90738,Zoom URL: https://us06web.zoom.us/j/85885217018?pwd=CrUbJPn8Lhu1IFFlWSKTX9dBEQmA26.1,,70000 per Month,Yes,Admin/EA,,Naukri,Not interested (shift timing),3/10/25 21:00
,Satyabrata Sahoo,satyabrata94star@gmail.com,'+91 96589 49746,Zoom URL: https://us06web.zoom.us/j/89368640284?pwd=Qlm8YTnZwCdEp0H7lbKPE6WcW5JlZq.1,,Bhubaneswar,Yes,Admin/EA,,Naukri,Rejected (Fresher),3/10/25 20:50
,Nupur Mirkute,mirkuteomkar@gmail.com,'+91 95456 01666,Zoom URL: https://us06web.zoom.us/j/81051606121?pwd=jExvciCSTilacVJcxaHoq7LjfAFy5L.1,,850000,Yes,Design Engineer,,Naukri,Not interested (Looking for work from home),3/10/25 20:40
,Neelam Umesh Kulaye ,kulye.neelam@gmail.com,'+91 98205 46188,Zoom URL: https://us06web.zoom.us/j/86104601565?pwd=F9vWV46IQa97O0W2vVfZa5XWgvAfN8.1,,45000,Yes,"Accounts
Senior Accounts",,"Naukri
LinkedIn",Shortlisted - shared test16 yrs. experienceLocation - Nariman pointCurrent inhand - 56000kExpected inhand - 70000k,3/10/25 20:20
,Shivam Gujar ,shivamgujar.345@gmail.com,'+91 86684 51046,Zoom URL: https://us06web.zoom.us/j/86468821155?pwd=9zU35REpEVLEPV42ya2pn5jGJwsMSV.1,,80000,Yes,"Design Engineer
Research Engineer",,"Naukri
LinkedIn",Rejected (high salary expectation),3/10/25 20:10
,Ashutosh Joshi,ashutoshjoshi6261@gmail.com,'+91 83493 25591,Zoom URL: https://us06web.zoom.us/j/82879398158?pwd=tB8EirRS8RiUpZr0RxEE76DUdaogdd.1,,65000 per month,Yes,Design Engineer,,Naukri,Rejected (Job hopper),3/10/25 19:50
,Ritesh Prasad,rrits_p@yahoo.in,'+91 99673 37363,Zoom URL: https://us06web.zoom.us/j/85628561715?pwd=FSI4nWOkoUKcDdsMakJ9Dl584vgDXW.1,,69000,Yes,Senior Accounts,,LinkedIn,Not interested (shift timing),3/10/25 19:40
